<eagle version="6.4"><drawing><settings><setting alwaysvectorfont="no" verticaltext="up"/></settings><grid altunit="inch" altunitdist="inch" altdistance="0.025" display="no" multiple="1" style="lines" unit="inch" unitdist="inch" distance="0.05"/><layers><layer active="yes" visible="yes" fill="1" color="1" name="Reference" number="49"/><layer active="yes" visible="yes" fill="1" color="6" name="tPlace" number="25"/><layer active="yes" visible="yes" fill="1" color="2" name="tDocu" number="21"/><layer active="yes" visible="yes" fill="1" color="2" name="tCream" number="31"/><layer active="yes" visible="yes" fill="1" color="4" name="TOP" number="1"/><layer active="yes" visible="yes" fill="1" color="15" name="tStop" number="29"/><layer active="yes" visible="yes" fill="1" color="1" name="BOTTOM" number="16"/><layer active="yes" visible="yes" fill="1" color="7" name="bStop" number="30"/><layer active="yes" visible="yes" fill="1" color="7" name="bCream" number="32"/><layer active="yes" visible="yes" fill="1" color="3" name="bDocu" number="22"/><layer active="yes" visible="yes" fill="1" color="3" name="bPlace" number="26"/><layer active="yes" visible="yes" fill="1" color="5" name="Holes" number="45"/><layer active="yes" visible="yes" fill="1" color="5" name="Info" number="97"/><layer active="yes" visible="yes" fill="1" color="5" name="Guide" number="98"/><layer active="yes" visible="yes" fill="1" color="4" name="tValues" number="27"/><layer active="yes" visible="yes" fill="1" color="4" name="bValues" number="28"/><layer active="yes" visible="yes" fill="1" color="4" name="INTERNAL1" number="2"/><layer active="yes" visible="yes" fill="1" color="6" name="INTERNAL2" number="3"/><layer active="yes" visible="yes" fill="1" color="5" name="INTERNAL3" number="4"/><layer active="yes" visible="yes" fill="1" color="5" name="INTERNAL4" number="5"/><layer active="yes" visible="yes" fill="1" color="1" name="INTERNAL5" number="6"/><layer active="yes" visible="yes" fill="1" color="1" name="INTERNAL6" number="7"/><layer active="yes" visible="yes" fill="1" color="1" name="INTERNAL7" number="8"/><layer active="yes" visible="yes" fill="1" color="1" name="INTERNAL8" number="9"/><layer active="yes" visible="yes" fill="1" color="2" name="Values" number="96"/><layer active="yes" visible="yes" fill="1" color="1" name="FAB" number="49"/><layer active="yes" visible="yes" fill="1" color="1" name="ASSEMBLY_DETAIL" number="49"/><layer active="yes" visible="yes" fill="1" color="1" name="BOARD_OUTLINE" number="49"/><layer active="yes" visible="yes" fill="1" color="1" name="CopyRight" number="49"/><layer active="yes" visible="yes" fill="1" color="1" name="BRDOUT" number="20"/><layer active="yes" visible="yes" fill="1" color="1" name="NOTES" number="48"/><layer active="yes" visible="yes" fill="1" color="1" name="ASSYNOTES" number="21"/><layer active="yes" visible="yes" fill="1" color="1" name="STACKUP" number="46"/></layers><board><plain><wire layer="49" width="0.0254" y2="26.3906" x2="0" y1="0" x1="0"/><wire layer="49" width="0.1016" y2="26.3906" x2="0" y1="0" x1="0"/><wire layer="49" width="0.0254" y2="26.3906" x2="42.2148" y1="26.3906" x1="0"/><wire layer="49" width="0.1016" y2="26.3906" x2="42.2148" y1="26.3906" x1="0"/><wire layer="49" width="0.0254" y2="0" x2="42.2148" y1="26.3906" x1="42.2148"/><wire layer="49" width="0.1016" y2="0" x2="42.2148" y1="26.3906" x1="42.2148"/><wire layer="49" width="0.0254" y2="0" x2="0" y1="0" x1="42.2148"/><wire layer="49" width="0.1016" y2="0" x2="0" y1="0" x1="42.2148"/><text align="bottom-left" layer="21" size="1.778" y="24.638" x="6.1214">Exported from WEBENCH Coil Designer Tool</text><text align="bottom-left" layer="21" size="1.778" y="22.3012" x="24.638">WEBENCH Design Information</text><text align="bottom-left" layer="21" size="1.778" y="21.7424" x="24.638">-------------------------</text><text align="bottom-left" layer="21" size="1.778" y="21.1836" x="24.638">Design Id - 2</text><text align="bottom-left" layer="21" size="1.778" y="20.6248" x="24.638">Exported on - 2020/08/10 12:49:36</text><text align="bottom-left" layer="21" size="1.778" y="20.066" x="24.638">Version - 1.1</text><text align="bottom-left" layer="21" size="1.778" y="19.5072" x="24.638">Customized for LDC1614</text><text align="bottom-left" layer="21" size="1.778" y="17.8308" x="24.638">Coil Parameters</text><text align="bottom-left" layer="21" size="1.778" y="17.2466" x="24.638">--------------</text><text align="bottom-left" layer="21" size="1.778" y="16.6878" x="24.638">Layers = 2</text><text align="bottom-left" layer="21" size="1.778" y="16.129" x="24.638">Turns = 20</text><text align="bottom-left" layer="21" size="1.778" y="15.5702" x="24.638">Trace Width = 5.98 mils</text><text align="bottom-left" layer="21" size="1.778" y="15.0114" x="24.638">Trace Spacing = 5.98 mils</text><text align="bottom-left" layer="21" size="1.778" y="14.4526" x="24.638">Inner Diameter = 231 mils (Approx.)</text><text align="bottom-left" layer="21" size="1.778" y="13.8938" x="24.638">Outer Diameter = 710 mils (Approx.)</text><text align="bottom-left" layer="21" size="1.778" y="12.2174" x="24.638">Layer Stack Information</text><text align="bottom-left" layer="21" size="1.778" y="11.6332" x="24.638">-------------------------</text><text align="bottom-left" layer="21" size="1.778" y="11.0744" x="24.638">Copper thickness = 1.0 Oz-Cu</text><text align="bottom-left" layer="21" size="1.778" y="10.5156" x="24.638">Space between TOP and BOTTOM = 4.0 mils</text></plain><libraries><library name="ultra-librarian"><packages><package name="0402"><smd layer="1" dx="0.5588" dy="0.6096" y="0" x="-0.4191" name="1"/><smd layer="1" dx="0.5588" dy="0.6096" y="0" x="0.4191" name="2"/><wire layer="25" width="0" y2="0.3048" x2="-0.1397" y1="-0.3048" x1="-0.1397"/><wire layer="25" width="0" y2="0.3048" x2="-0.5461" y1="0.3048" x1="-0.1397"/><wire layer="25" width="0" y2="-0.3048" x2="-0.5461" y1="0.3048" x1="-0.5461"/><wire layer="25" width="0" y2="-0.3048" x2="-0.1397" y1="-0.3048" x1="-0.5461"/><wire layer="25" width="0" y2="-0.3048" x2="0.1397" y1="0.3048" x1="0.1397"/><wire layer="25" width="0" y2="-0.3048" x2="0.5461" y1="-0.3048" x1="0.1397"/><wire layer="25" width="0" y2="0.3048" x2="0.5461" y1="-0.3048" x1="0.5461"/><wire layer="25" width="0" y2="0.3048" x2="0.1397" y1="0.3048" x1="0.5461"/><wire layer="25" width="0" y2="-0.3048" x2="0.5461" y1="-0.3048" x1="-0.5461"/><wire layer="25" width="0" y2="0.3048" x2="0.5461" y1="-0.3048" x1="0.5461"/><wire layer="25" width="0" y2="0.3048" x2="-0.5461" y1="0.3048" x1="0.5461"/><wire layer="25" width="0" y2="-0.3048" x2="-0.5461" y1="0.3048" x1="-0.5461"/></package></packages></library></libraries><designrules name="custom"><param name="layerSetup" value="((1*2)+(15*16))"/></designrules><elements><element rot="R90" y="12.0904" x="2.032" value="" package="0402" library="ultra-librarian" name="CSensor"/></elements><signals><signal name="3"><wire layer="1" width="0.1519" y2="13.5004" x2="4.8659" y1="12.3156" x1="4.8532"/><wire layer="1" width="0.1519" y2="15.7844" x2="5.4909" y1="13.5004" x1="4.8659"/><wire layer="1" width="0.1519" y2="17.8258" x2="6.6842" y1="15.7844" x1="5.4909"/><wire layer="1" width="0.1519" y2="19.4865" x2="8.3628" y1="17.8258" x1="6.6842"/><wire layer="1" width="0.1519" y2="20.6545" x2="10.4111" y1="19.4865" x1="8.3628"/><wire layer="1" width="0.1519" y2="21.2517" x2="12.6888" y1="20.6545" x1="10.4111"/><wire layer="1" width="0.1519" y2="21.239" x2="15.04" y1="21.2517" x1="12.6888"/><wire layer="1" width="0.1519" y2="20.6191" x2="17.3047" y1="21.239" x1="15.04"/><wire layer="1" width="0.1519" y2="19.4359" x2="19.3288" y1="20.6191" x1="17.3047"/><wire layer="1" width="0.1519" y2="17.7714" x2="20.9754" y1="19.4359" x1="19.3288"/><wire layer="1" width="0.1519" y2="15.7404" x2="22.1334" y1="17.7714" x1="20.9754"/><wire layer="1" width="0.1519" y2="13.4821" x2="22.7254" y1="15.7404" x1="22.1334"/><wire layer="1" width="0.1519" y2="11.1508" x2="22.7127" y1="13.4821" x1="22.7254"/><wire layer="1" width="0.1519" y2="8.9055" x2="22.098" y1="11.1508" x1="22.7127"/><wire layer="1" width="0.1519" y2="6.8987" x2="20.9247" y1="8.9055" x1="22.098"/><wire layer="1" width="0.1519" y2="5.2663" x2="19.2744" y1="6.8987" x1="20.9247"/><wire layer="1" width="0.1519" y2="4.1183" x2="17.2607" y1="5.2663" x1="19.2744"/><wire layer="1" width="0.1519" y2="3.5314" x2="15.0217" y1="4.1183" x1="17.2607"/><wire layer="1" width="0.1519" y2="3.5441" x2="12.7104" y1="3.5314" x1="15.0217"/><wire layer="1" width="0.1519" y2="4.1536" x2="10.4844" y1="3.5441" x1="12.7104"/><wire layer="1" width="0.1519" y2="5.3169" x2="8.4949" y1="4.1536" x1="10.4844"/><wire layer="1" width="0.1519" y2="6.9531" x2="6.8766" y1="5.3169" x1="8.4949"/><wire layer="1" width="0.1519" y2="8.9495" x2="5.7386" y1="6.9531" x1="6.8766"/><wire layer="1" width="0.1519" y2="11.1692" x2="5.157" y1="8.9495" x1="5.7386"/><wire layer="1" width="0.1519" y2="13.4604" x2="5.1696" y1="11.1692" x1="5.157"/><wire layer="1" width="0.1519" y2="15.6671" x2="5.774" y1="13.4604" x1="5.1696"/><wire layer="1" width="0.1519" y2="17.6393" x2="6.9273" y1="15.6671" x1="5.774"/><wire layer="1" width="0.1519" y2="19.2434" x2="8.5493" y1="17.6393" x1="6.9273"/><wire layer="1" width="0.1519" y2="20.3714" x2="10.5284" y1="19.2434" x1="8.5493"/><wire layer="1" width="0.1519" y2="20.9479" x2="12.7288" y1="20.3714" x1="10.5284"/><wire layer="1" width="0.1519" y2="20.9353" x2="15" y1="20.9479" x1="12.7288"/><wire layer="1" width="0.1519" y2="20.336" x2="17.1874" y1="20.9353" x1="15"/><wire layer="1" width="0.1519" y2="19.1928" x2="19.1423" y1="20.336" x1="17.1874"/><wire layer="1" width="0.1519" y2="17.5849" x2="20.7323" y1="19.1928" x1="19.1423"/><wire layer="1" width="0.1519" y2="15.6231" x2="21.8503" y1="17.5849" x1="20.7323"/><wire layer="1" width="0.1519" y2="13.4421" x2="22.4216" y1="15.6231" x1="21.8503"/><wire layer="1" width="0.1519" y2="11.1908" x2="22.4089" y1="13.4421" x1="22.4216"/><wire layer="1" width="0.1519" y2="9.0228" x2="21.8149" y1="11.1908" x1="22.4089"/><wire layer="1" width="0.1519" y2="7.0852" x2="20.6816" y1="9.0228" x1="21.8149"/><wire layer="1" width="0.1519" y2="5.5093" x2="19.0879" y1="7.0852" x1="20.6816"/><wire layer="1" width="0.1519" y2="4.4013" x2="17.1434" y1="5.5093" x1="19.0879"/><wire layer="1" width="0.1519" y2="3.8352" x2="14.9817" y1="4.4013" x1="17.1434"/><wire layer="1" width="0.1519" y2="3.8479" x2="12.7504" y1="3.8352" x1="14.9817"/><wire layer="1" width="0.1519" y2="4.4367" x2="10.6017" y1="3.8479" x1="12.7504"/><wire layer="1" width="0.1519" y2="5.56" x2="8.6814" y1="4.4367" x1="10.6017"/><wire layer="1" width="0.1519" y2="7.1396" x2="7.1197" y1="5.56" x1="8.6814"/><wire layer="1" width="0.1519" y2="9.0667" x2="6.0217" y1="7.1396" x1="7.1197"/><wire layer="1" width="0.1519" y2="11.2091" x2="5.4608" y1="9.0667" x1="6.0217"/><wire layer="1" width="0.1519" y2="13.4204" x2="5.4734" y1="11.2091" x1="5.4608"/><wire layer="1" width="0.1519" y2="15.5498" x2="6.0571" y1="13.4204" x1="5.4734"/><wire layer="1" width="0.1519" y2="17.4528" x2="7.1704" y1="15.5498" x1="6.0571"/><wire layer="1" width="0.1519" y2="19.0003" x2="8.7359" y1="17.4528" x1="7.1704"/><wire layer="1" width="0.1519" y2="20.0883" x2="10.6457" y1="19.0003" x1="8.7359"/><wire layer="1" width="0.1519" y2="20.6441" x2="12.7688" y1="20.0883" x1="10.6457"/><wire layer="1" width="0.1519" y2="20.6315" x2="14.96" y1="20.6441" x1="12.7688"/><wire layer="1" width="0.1519" y2="20.053" x2="17.0701" y1="20.6315" x1="14.96"/><wire layer="1" width="0.1519" y2="18.9497" x2="18.9557" y1="20.053" x1="17.0701"/><wire layer="1" width="0.1519" y2="17.3984" x2="20.4892" y1="18.9497" x1="18.9557"/><wire layer="1" width="0.1519" y2="15.5059" x2="21.5672" y1="17.3984" x1="20.4892"/><wire layer="1" width="0.1519" y2="13.4021" x2="22.1178" y1="15.5059" x1="21.5672"/><wire layer="1" width="0.1519" y2="11.2308" x2="22.1051" y1="13.4021" x1="22.1178"/><wire layer="1" width="0.1519" y2="9.14" x2="21.5318" y1="11.2308" x1="22.1051"/><wire layer="1" width="0.1519" y2="7.2717" x2="20.4385" y1="9.14" x1="21.5318"/><wire layer="1" width="0.1519" y2="5.7524" x2="18.9013" y1="7.2717" x1="20.4385"/><wire layer="1" width="0.1519" y2="4.6844" x2="17.0262" y1="5.7524" x1="18.9013"/><wire layer="1" width="0.1519" y2="4.139" x2="14.9417" y1="4.6844" x1="17.0262"/><wire layer="1" width="0.1519" y2="4.1517" x2="12.7904" y1="4.139" x1="14.9417"/><wire layer="1" width="0.1519" y2="4.7198" x2="10.7189" y1="4.1517" x1="12.7904"/><wire layer="1" width="0.1519" y2="5.8031" x2="8.868" y1="4.7198" x1="10.7189"/><wire layer="1" width="0.1519" y2="7.3261" x2="7.3628" y1="5.8031" x1="8.868"/><wire layer="1" width="0.1519" y2="9.184" x2="6.3048" y1="7.3261" x1="7.3628"/><wire layer="1" width="0.1519" y2="11.2491" x2="5.7645" y1="9.184" x1="6.3048"/><wire layer="1" width="0.1519" y2="13.3804" x2="5.7772" y1="11.2491" x1="5.7645"/><wire layer="1" width="0.1519" y2="15.4326" x2="6.3402" y1="13.3804" x1="5.7772"/><wire layer="1" width="0.1519" y2="17.2662" x2="7.4135" y1="15.4326" x1="6.3402"/><wire layer="1" width="0.1519" y2="18.7573" x2="8.9224" y1="17.2662" x1="7.4135"/><wire layer="1" width="0.1519" y2="19.8053" x2="10.7629" y1="18.7573" x1="8.9224"/><wire layer="1" width="0.1519" y2="20.3403" x2="12.8087" y1="19.8053" x1="10.7629"/><wire layer="1" width="0.1519" y2="20.3277" x2="14.92" y1="20.3403" x1="12.8087"/><wire layer="1" width="0.1519" y2="19.7699" x2="16.9529" y1="20.3277" x1="14.92"/><wire layer="1" width="0.1519" y2="18.7066" x2="18.7692" y1="19.7699" x1="16.9529"/><wire layer="1" width="0.1519" y2="17.2118" x2="20.2461" y1="18.7066" x1="18.7692"/><wire layer="1" width="0.1519" y2="15.3886" x2="21.2841" y1="17.2118" x1="20.2461"/><wire layer="1" width="0.1519" y2="13.3621" x2="21.814" y1="15.3886" x1="21.2841"/><wire layer="1" width="0.1519" y2="11.2708" x2="21.8013" y1="13.3621" x1="21.814"/><wire layer="1" width="0.1519" y2="9.2573" x2="21.2487" y1="11.2708" x1="21.8013"/><wire layer="1" width="0.1519" y2="7.4583" x2="20.1954" y1="9.2573" x1="21.2487"/><wire layer="1" width="0.1519" y2="5.9955" x2="18.7148" y1="7.4583" x1="20.1954"/><wire layer="1" width="0.1519" y2="4.9675" x2="16.9089" y1="5.9955" x1="18.7148"/><wire layer="1" width="0.1519" y2="4.4428" x2="14.9017" y1="4.9675" x1="16.9089"/><wire layer="1" width="0.1519" y2="4.4554" x2="12.8304" y1="4.4428" x1="14.9017"/><wire layer="1" width="0.1519" y2="5.0029" x2="10.8362" y1="4.4554" x1="12.8304"/><wire layer="1" width="0.1519" y2="6.0462" x2="9.0545" y1="5.0029" x1="10.8362"/><wire layer="1" width="0.1519" y2="7.5127" x2="7.6059" y1="6.0462" x1="9.0545"/><wire layer="1" width="0.1519" y2="9.3012" x2="6.5879" y1="7.5127" x1="7.6059"/><wire layer="1" width="0.1519" y2="11.2891" x2="6.0683" y1="9.3012" x1="6.5879"/><wire layer="1" width="0.1519" y2="13.3404" x2="6.081" y1="11.2891" x1="6.0683"/><wire layer="1" width="0.1519" y2="15.3153" x2="6.6233" y1="13.3404" x1="6.081"/><wire layer="1" width="0.1519" y2="17.0797" x2="7.6565" y1="15.3153" x1="6.6233"/><wire layer="1" width="0.1519" y2="18.5142" x2="9.1089" y1="17.0797" x1="7.6565"/><wire layer="1" width="0.1519" y2="19.5222" x2="10.8802" y1="18.5142" x1="9.1089"/><wire layer="1" width="0.1519" y2="20.0366" x2="12.8487" y1="19.5222" x1="10.8802"/><wire layer="1" width="0.1519" y2="20.0239" x2="14.88" y1="20.0366" x1="12.8487"/><wire layer="1" width="0.1519" y2="19.4868" x2="16.8356" y1="20.0239" x1="14.88"/><wire layer="1" width="0.1519" y2="18.4635" x2="18.5827" y1="19.4868" x1="16.8356"/><wire layer="1" width="0.1519" y2="17.0253" x2="20.003" y1="18.4635" x1="18.5827"/><wire layer="1" width="0.1519" y2="15.2714" x2="21.001" y1="17.0253" x1="20.003"/><wire layer="1" width="0.1519" y2="13.3221" x2="21.5102" y1="15.2714" x1="21.001"/><wire layer="1" width="0.1519" y2="11.3108" x2="21.4976" y1="13.3221" x1="21.5102"/><wire layer="1" width="0.1519" y2="9.3745" x2="20.9656" y1="11.3108" x1="21.4976"/><wire layer="1" width="0.1519" y2="7.6448" x2="19.9524" y1="9.3745" x1="20.9656"/><wire layer="1" width="0.1519" y2="6.2386" x2="18.5283" y1="7.6448" x1="19.9524"/><wire layer="1" width="0.1519" y2="5.2506" x2="16.7917" y1="6.2386" x1="18.5283"/><wire layer="1" width="0.1519" y2="4.7466" x2="14.8617" y1="5.2506" x1="16.7917"/><wire layer="1" width="0.1519" y2="4.7592" x2="12.8704" y1="4.7466" x1="14.8617"/><wire layer="1" width="0.1519" y2="5.286" x2="10.9535" y1="4.7592" x1="12.8704"/><wire layer="1" width="0.1519" y2="6.2892" x2="9.241" y1="5.286" x1="10.9535"/><wire layer="1" width="0.1519" y2="7.6992" x2="7.849" y1="6.2892" x1="9.241"/><wire layer="1" width="0.1519" y2="9.4185" x2="6.871" y1="7.6992" x1="7.849"/><wire layer="1" width="0.1519" y2="11.3291" x2="6.3721" y1="9.4185" x1="6.871"/><wire layer="1" width="0.1519" y2="13.3004" x2="6.3848" y1="11.3291" x1="6.3721"/><wire layer="1" width="0.1519" y2="15.1981" x2="6.9064" y1="13.3004" x1="6.3848"/><wire layer="1" width="0.1519" y2="16.8932" x2="7.8996" y1="15.1981" x1="6.9064"/><wire layer="1" width="0.1519" y2="18.2711" x2="9.2954" y1="16.8932" x1="7.8996"/><wire layer="1" width="0.1519" y2="19.2391" x2="10.9974" y1="18.2711" x1="9.2954"/><wire layer="1" width="0.1519" y2="19.7328" x2="12.8887" y1="19.2391" x1="10.9974"/><wire layer="1" width="0.1519" y2="19.7201" x2="14.84" y1="19.7328" x1="12.8887"/><wire layer="1" width="0.1519" y2="19.2037" x2="16.7184" y1="19.7201" x1="14.84"/><wire layer="1" width="0.1519" y2="18.2204" x2="18.3962" y1="19.2037" x1="16.7184"/><wire layer="1" width="0.1519" y2="16.8388" x2="19.7599" y1="18.2204" x1="18.3962"/><wire layer="1" width="0.1519" y2="15.1541" x2="20.7179" y1="16.8388" x1="19.7599"/><wire layer="1" width="0.1519" y2="13.2821" x2="21.2064" y1="15.1541" x1="20.7179"/><wire layer="1" width="0.1519" y2="11.3508" x2="21.1938" y1="13.2821" x1="21.2064"/><wire layer="1" width="0.1519" y2="9.4918" x2="20.6826" y1="11.3508" x1="21.1938"/><wire layer="1" width="0.1519" y2="7.8313" x2="19.7093" y1="9.4918" x1="20.6826"/><wire layer="1" width="0.1519" y2="6.4817" x2="18.3417" y1="7.8313" x1="19.7093"/><wire layer="1" width="0.1519" y2="5.5337" x2="16.6744" y1="6.4817" x1="18.3417"/><wire layer="1" width="0.1519" y2="5.0503" x2="14.8217" y1="5.5337" x1="16.6744"/><wire layer="1" width="0.1519" y2="5.063" x2="12.9104" y1="5.0503" x1="14.8217"/><wire layer="1" width="0.1519" y2="5.5691" x2="11.0707" y1="5.063" x1="12.9104"/><wire layer="1" width="0.1519" y2="6.5323" x2="9.4276" y1="5.5691" x1="11.0707"/><wire layer="1" width="0.1519" y2="7.8857" x2="8.0921" y1="6.5323" x1="9.4276"/><wire layer="1" width="0.1519" y2="9.5358" x2="7.154" y1="7.8857" x1="8.0921"/><wire layer="1" width="0.1519" y2="11.3691" x2="6.6759" y1="9.5358" x1="7.154"/><wire layer="1" width="0.1519" y2="13.2604" x2="6.6886" y1="11.3691" x1="6.6759"/><wire layer="1" width="0.1519" y2="15.0808" x2="7.1894" y1="13.2604" x1="6.6886"/><wire layer="1" width="0.1519" y2="16.7066" x2="8.1427" y1="15.0808" x1="7.1894"/><wire layer="1" width="0.1519" y2="18.028" x2="9.482" y1="16.7066" x1="8.1427"/><wire layer="1" width="0.1519" y2="18.956" x2="11.1147" y1="18.028" x1="9.482"/><wire layer="1" width="0.1519" y2="19.429" x2="12.9287" y1="18.956" x1="11.1147"/><wire layer="1" width="0.1519" y2="19.4163" x2="14.8001" y1="19.429" x1="12.9287"/><wire layer="1" width="0.1519" y2="18.9206" x2="16.6011" y1="19.4163" x1="14.8001"/><wire layer="1" width="0.1519" y2="17.9773" x2="18.2096" y1="18.9206" x1="16.6011"/><wire layer="1" width="0.1519" y2="16.6522" x2="19.5168" y1="17.9773" x1="18.2096"/><wire layer="1" width="0.1519" y2="15.0368" x2="20.4349" y1="16.6522" x1="19.5168"/><wire layer="1" width="0.1519" y2="13.2421" x2="20.9027" y1="15.0368" x1="20.4349"/><wire layer="1" width="0.1519" y2="11.3908" x2="20.89" y1="13.2421" x1="20.9027"/><wire layer="1" width="0.1519" y2="9.609" x2="20.3995" y1="11.3908" x1="20.89"/><wire layer="1" width="0.1519" y2="8.0178" x2="19.4662" y1="9.609" x1="20.3995"/><wire layer="1" width="0.1519" y2="6.7248" x2="18.1552" y1="8.0178" x1="19.4662"/><wire layer="1" width="0.1519" y2="5.8167" x2="16.5571" y1="6.7248" x1="18.1552"/><wire layer="1" width="0.1519" y2="5.3541" x2="14.7817" y1="5.8167" x1="16.5571"/><wire layer="1" width="0.1519" y2="5.3668" x2="12.9504" y1="5.3541" x1="14.7817"/><wire layer="1" width="0.1519" y2="5.8521" x2="11.188" y1="5.3668" x1="12.9504"/><wire layer="1" width="0.1519" y2="6.7754" x2="9.6141" y1="5.8521" x1="11.188"/><wire layer="1" width="0.1519" y2="8.0722" x2="8.3352" y1="6.7754" x1="9.6141"/><wire layer="1" width="0.1519" y2="9.653" x2="7.4371" y1="8.0722" x1="8.3352"/><wire layer="1" width="0.1519" y2="11.4091" x2="6.9797" y1="9.653" x1="7.4371"/><wire layer="1" width="0.1519" y2="13.2204" x2="6.9923" y1="11.4091" x1="6.9797"/><wire layer="1" width="0.1519" y2="14.9636" x2="7.4725" y1="13.2204" x1="6.9923"/><wire layer="1" width="0.1519" y2="16.5201" x2="8.3858" y1="14.9636" x1="7.4725"/><wire layer="1" width="0.1519" y2="17.7849" x2="9.6685" y1="16.5201" x1="8.3858"/><wire layer="1" width="0.1519" y2="18.6729" x2="11.2319" y1="17.7849" x1="9.6685"/><wire layer="1" width="0.1519" y2="19.1252" x2="12.9687" y1="18.6729" x1="11.2319"/><wire layer="1" width="0.1519" y2="19.1125" x2="14.7601" y1="19.1252" x1="12.9687"/><wire layer="1" width="0.1519" y2="18.6376" x2="16.4839" y1="19.1125" x1="14.7601"/><wire layer="1" width="0.1519" y2="17.7343" x2="18.0231" y1="18.6376" x1="16.4839"/><wire layer="1" width="0.1519" y2="16.4657" x2="19.2737" y1="17.7343" x1="18.0231"/><wire layer="1" width="0.1519" y2="14.9196" x2="20.1518" y1="16.4657" x1="19.2737"/><wire layer="1" width="0.1519" y2="13.2021" x2="20.5989" y1="14.9196" x1="20.1518"/><wire layer="1" width="0.1519" y2="11.4308" x2="20.5862" y1="13.2021" x1="20.5989"/><wire layer="1" width="0.1519" y2="9.7263" x2="20.1164" y1="11.4308" x1="20.5862"/><wire layer="1" width="0.1519" y2="8.2044" x2="19.2231" y1="9.7263" x1="20.1164"/><wire layer="1" width="0.1519" y2="6.9679" x2="17.9687" y1="8.2044" x1="19.2231"/><wire layer="1" width="0.1519" y2="6.0998" x2="16.4399" y1="6.9679" x1="17.9687"/><wire layer="1" width="0.1519" y2="5.6579" x2="14.7417" y1="6.0998" x1="16.4399"/><wire layer="1" width="0.1519" y2="5.6706" x2="12.9904" y1="5.6579" x1="14.7417"/><wire layer="1" width="0.1519" y2="6.1352" x2="11.3052" y1="5.6706" x1="12.9904"/><wire layer="1" width="0.1519" y2="7.0185" x2="9.8006" y1="6.1352" x1="11.3052"/><wire layer="1" width="0.1519" y2="8.2588" x2="8.5783" y1="7.0185" x1="9.8006"/><wire layer="1" width="0.1519" y2="9.7703" x2="7.7202" y1="8.2588" x1="8.5783"/><wire layer="1" width="0.1519" y2="11.4491" x2="7.2835" y1="9.7703" x1="7.7202"/><wire layer="1" width="0.1519" y2="13.1805" x2="7.2961" y1="11.4491" x1="7.2835"/><wire layer="1" width="0.1519" y2="14.8463" x2="7.7556" y1="13.1805" x1="7.2961"/><wire layer="1" width="0.1519" y2="16.3336" x2="8.6289" y1="14.8463" x1="7.7556"/><wire layer="1" width="0.1519" y2="17.5418" x2="9.855" y1="16.3336" x1="8.6289"/><wire layer="1" width="0.1519" y2="18.3899" x2="11.3492" y1="17.5418" x1="9.855"/><wire layer="1" width="0.1519" y2="18.8214" x2="13.0087" y1="18.3899" x1="11.3492"/><wire layer="1" width="0.1519" y2="18.8088" x2="14.7201" y1="18.8214" x1="13.0087"/><wire layer="1" width="0.1519" y2="18.3545" x2="16.3666" y1="18.8088" x1="14.7201"/><wire layer="1" width="0.1519" y2="17.4912" x2="17.8366" y1="18.3545" x1="16.3666"/><wire layer="1" width="0.1519" y2="16.2792" x2="19.0307" y1="17.4912" x1="17.8366"/><wire layer="1" width="0.1519" y2="14.8023" x2="19.8687" y1="16.2792" x1="19.0307"/><wire layer="1" width="0.1519" y2="13.1621" x2="20.2951" y1="14.8023" x1="19.8687"/><wire layer="1" width="0.1519" y2="11.4708" x2="20.2824" y1="13.1621" x1="20.2951"/><wire layer="1" width="0.1519" y2="9.8436" x2="19.8333" y1="11.4708" x1="20.2824"/><wire layer="1" width="0.1519" y2="8.3909" x2="18.98" y1="9.8436" x1="19.8333"/><wire layer="1" width="0.1519" y2="7.211" x2="17.7822" y1="8.3909" x1="18.98"/><wire layer="1" width="0.1519" y2="6.3829" x2="16.3226" y1="7.211" x1="17.7822"/><wire layer="1" width="0.1519" y2="5.9617" x2="14.7017" y1="6.3829" x1="16.3226"/><wire layer="1" width="0.1519" y2="5.9744" x2="13.0304" y1="5.9617" x1="14.7017"/><wire layer="1" width="0.1519" y2="6.4183" x2="11.4225" y1="5.9744" x1="13.0304"/><wire layer="1" width="0.1519" y2="7.2616" x2="9.9871" y1="6.4183" x1="11.4225"/><wire layer="1" width="0.1519" y2="8.4453" x2="8.8213" y1="7.2616" x1="9.9871"/><wire layer="1" width="0.1519" y2="9.8875" x2="8.0033" y1="8.4453" x1="8.8213"/><wire layer="1" width="0.1519" y2="11.4891" x2="7.5873" y1="9.8875" x1="8.0033"/><wire layer="1" width="0.1519" y2="13.1405" x2="7.5999" y1="11.4891" x1="7.5873"/><wire layer="1" width="0.1519" y2="14.729" x2="8.0387" y1="13.1405" x1="7.5999"/><wire layer="1" width="0.1519" y2="16.1471" x2="8.872" y1="14.729" x1="8.0387"/><wire layer="1" width="0.1519" y2="17.2987" x2="10.0415" y1="16.1471" x1="8.872"/><wire layer="1" width="0.1519" y2="18.1068" x2="11.4664" y1="17.2987" x1="10.0415"/><wire layer="1" width="0.1519" y2="18.5176" x2="13.0487" y1="18.1068" x1="11.4664"/><wire layer="1" width="0.1519" y2="18.505" x2="14.6801" y1="18.5176" x1="13.0487"/><wire layer="1" width="0.1519" y2="18.0714" x2="16.2493" y1="18.505" x1="14.6801"/><wire layer="1" width="0.1519" y2="17.2481" x2="17.65" y1="18.0714" x1="16.2493"/><wire layer="1" width="0.1519" y2="16.0927" x2="18.7876" y1="17.2481" x1="17.65"/><wire layer="1" width="0.1519" y2="14.6851" x2="19.5856" y1="16.0927" x1="18.7876"/><wire layer="1" width="0.1519" y2="13.1221" x2="19.9913" y1="14.6851" x1="19.5856"/><wire layer="1" width="0.1519" y2="11.5108" x2="19.9786" y1="13.1221" x1="19.9913"/><wire layer="1" width="0.1519" y2="9.9608" x2="19.5502" y1="11.5108" x1="19.9786"/><wire layer="1" width="0.1519" y2="8.5774" x2="18.7369" y1="9.9608" x1="19.5502"/><wire layer="1" width="0.1519" y2="7.454" x2="17.5956" y1="8.5774" x1="18.7369"/><wire layer="1" width="0.1519" y2="6.666" x2="16.2054" y1="7.454" x1="17.5956"/><wire layer="1" width="0.1519" y2="6.2655" x2="14.6617" y1="6.666" x1="16.2054"/><wire layer="1" width="0.1519" y2="6.2781" x2="13.0704" y1="6.2655" x1="14.6617"/><wire layer="1" width="0.1519" y2="6.7014" x2="11.5397" y1="6.2781" x1="13.0704"/><wire layer="1" width="0.1519" y2="7.5047" x2="10.1737" y1="6.7014" x1="11.5397"/><wire layer="1" width="0.1519" y2="8.6318" x2="9.0644" y1="7.5047" x1="10.1737"/><wire layer="1" width="0.1519" y2="10.0048" x2="8.2864" y1="8.6318" x1="9.0644"/><wire layer="1" width="0.1519" y2="11.5291" x2="7.891" y1="10.0048" x1="8.2864"/><wire layer="1" width="0.1519" y2="13.1005" x2="7.9037" y1="11.5291" x1="7.891"/><wire layer="1" width="0.1519" y2="14.6118" x2="8.3218" y1="13.1005" x1="7.9037"/><wire layer="1" width="0.1519" y2="15.9605" x2="9.1151" y1="14.6118" x1="8.3218"/><wire layer="1" width="0.1519" y2="17.0556" x2="10.2281" y1="15.9605" x1="9.1151"/><wire layer="1" width="0.1519" y2="17.8237" x2="11.5837" y1="17.0556" x1="10.2281"/><wire layer="1" width="0.1519" y2="18.2139" x2="13.0887" y1="17.8237" x1="11.5837"/><wire layer="1" width="0.1519" y2="18.2012" x2="14.6401" y1="18.2139" x1="13.0887"/><wire layer="1" width="0.1519" y2="17.7883" x2="16.1321" y1="18.2012" x1="14.6401"/><wire layer="1" width="0.1519" y2="17.005" x2="17.4635" y1="17.7883" x1="16.1321"/><wire layer="1" width="0.1519" y2="15.9061" x2="18.5445" y1="17.005" x1="17.4635"/><wire layer="1" width="0.1519" y2="14.5678" x2="19.3025" y1="15.9061" x1="18.5445"/><wire layer="1" width="0.1519" y2="13.0821" x2="19.6875" y1="14.5678" x1="19.3025"/><wire layer="1" width="0.1519" y2="11.5508" x2="19.6749" y1="13.0821" x1="19.6875"/><wire layer="1" width="0.1519" y2="10.0781" x2="19.2671" y1="11.5508" x1="19.6749"/><wire layer="1" width="0.1519" y2="8.764" x2="18.4938" y1="10.0781" x1="19.2671"/><wire layer="1" width="0.1519" y2="7.6971" x2="17.4091" y1="8.764" x1="18.4938"/><wire layer="1" width="0.1519" y2="6.9491" x2="16.0881" y1="7.6971" x1="17.4091"/><wire layer="1" width="0.1519" y2="6.5693" x2="14.6217" y1="6.9491" x1="16.0881"/><wire layer="1" width="0.1519" y2="6.5819" x2="13.1104" y1="6.5693" x1="14.6217"/><wire layer="1" width="0.1519" y2="6.9845" x2="11.657" y1="6.5819" x1="13.1104"/><wire layer="1" width="0.1519" y2="7.7478" x2="10.3602" y1="6.9845" x1="11.657"/><wire layer="1" width="0.1519" y2="8.8184" x2="9.3075" y1="7.7478" x1="10.3602"/><wire layer="1" width="0.1519" y2="10.122" x2="8.5695" y1="8.8184" x1="9.3075"/><wire layer="1" width="0.1519" y2="11.5691" x2="8.1948" y1="10.122" x1="8.5695"/><wire layer="1" width="0.1519" y2="13.0605" x2="8.2075" y1="11.5691" x1="8.1948"/><wire layer="1" width="0.1519" y2="14.4945" x2="8.6048" y1="13.0605" x1="8.2075"/><wire layer="1" width="0.1519" y2="15.774" x2="9.3582" y1="14.4945" x1="8.6048"/><wire layer="1" width="0.1519" y2="16.8126" x2="10.4146" y1="15.774" x1="9.3582"/><wire layer="1" width="0.1519" y2="17.5406" x2="11.701" y1="16.8126" x1="10.4146"/><wire layer="1" width="0.1519" y2="17.9101" x2="13.1287" y1="17.5406" x1="11.701"/><wire layer="1" width="0.1519" y2="17.8974" x2="14.6001" y1="17.9101" x1="13.1287"/><wire layer="1" width="0.1519" y2="17.5052" x2="16.0148" y1="17.8974" x1="14.6001"/><wire layer="1" width="0.1519" y2="16.7619" x2="17.277" y1="17.5052" x1="16.0148"/><wire layer="1" width="0.1519" y2="15.7196" x2="18.3014" y1="16.7619" x1="17.277"/><wire layer="1" width="0.1519" y2="14.4506" x2="19.0195" y1="15.7196" x1="18.3014"/><wire layer="1" width="0.1519" y2="13.0421" x2="19.3837" y1="14.4506" x1="19.0195"/><wire layer="1" width="0.1519" y2="11.5908" x2="19.3711" y1="13.0421" x1="19.3837"/><wire layer="1" width="0.1519" y2="10.1953" x2="18.9841" y1="11.5908" x1="19.3711"/><wire layer="1" width="0.1519" y2="8.9505" x2="18.2507" y1="10.1953" x1="18.9841"/><wire layer="1" width="0.1519" y2="7.9402" x2="17.2226" y1="8.9505" x1="18.2507"/><wire layer="1" width="0.1519" y2="7.2322" x2="15.9709" y1="7.9402" x1="17.2226"/><wire layer="1" width="0.1519" y2="6.873" x2="14.5818" y1="7.2322" x1="15.9709"/><wire layer="1" width="0.1519" y2="6.8857" x2="13.1504" y1="6.873" x1="14.5818"/><wire layer="1" width="0.1519" y2="7.2675" x2="11.7742" y1="6.8857" x1="13.1504"/><wire layer="1" width="0.1519" y2="7.9909" x2="10.5467" y1="7.2675" x1="11.7742"/><wire layer="1" width="0.1519" y2="9.0049" x2="9.5506" y1="7.9909" x1="10.5467"/><wire layer="1" width="0.1519" y2="10.2393" x2="8.8525" y1="9.0049" x1="9.5506"/><wire layer="1" width="0.1519" y2="11.6091" x2="8.4986" y1="10.2393" x1="8.8525"/><wire layer="1" width="0.1519" y2="13.0205" x2="8.5113" y1="11.6091" x1="8.4986"/><wire layer="1" width="0.1519" y2="14.3773" x2="8.8879" y1="13.0205" x1="8.5113"/><wire layer="1" width="0.1519" y2="15.5875" x2="9.6012" y1="14.3773" x1="8.8879"/><wire layer="1" width="0.1519" y2="16.5695" x2="10.6011" y1="15.5875" x1="9.6012"/><wire layer="1" width="0.1519" y2="17.2575" x2="11.8182" y1="16.5695" x1="10.6011"/><wire layer="1" width="0.1519" y2="17.6063" x2="13.1687" y1="17.2575" x1="11.8182"/><wire layer="1" width="0.1519" y2="17.5936" x2="14.5601" y1="17.6063" x1="13.1687"/><wire layer="1" width="0.1519" y2="17.2221" x2="15.8976" y1="17.5936" x1="14.5601"/><wire layer="1" width="0.1519" y2="16.5188" x2="17.0905" y1="17.2221" x1="15.8976"/><wire layer="1" width="0.1519" y2="15.5331" x2="18.0583" y1="16.5188" x1="17.0905"/><wire layer="1" width="0.1519" y2="14.3333" x2="18.7364" y1="15.5331" x1="18.0583"/><wire layer="1" width="0.1519" y2="13.0021" x2="19.08" y1="14.3333" x1="18.7364"/><wire layer="1" width="0.1519" y2="11.6307" x2="19.0673" y1="13.0021" x1="19.08"/><wire layer="1" width="0.1519" y2="10.3126" x2="18.701" y1="11.6307" x1="19.0673"/><wire layer="1" width="0.1519" y2="9.137" x2="18.0077" y1="10.3126" x1="18.701"/><wire layer="1" width="0.1519" y2="8.1833" x2="17.0361" y1="9.137" x1="18.0077"/><wire layer="1" width="0.1519" y2="7.5152" x2="15.8536" y1="8.1833" x1="17.0361"/><wire layer="1" width="0.1519" y2="7.1768" x2="14.5418" y1="7.5152" x1="15.8536"/><wire layer="1" width="0.1519" y2="7.1895" x2="13.1904" y1="7.1768" x1="14.5418"/><wire layer="1" width="0.1519" y2="7.5506" x2="11.8915" y1="7.1895" x1="13.1904"/><wire layer="1" width="0.1519" y2="8.234" x2="10.7333" y1="7.5506" x1="11.8915"/><wire layer="1" width="0.1519" y2="9.1914" x2="9.7937" y1="8.234" x1="10.7333"/><wire layer="1" width="0.1519" y2="10.3565" x2="9.1356" y1="9.1914" x1="9.7937"/><wire layer="1" width="0.1519" y2="11.6491" x2="8.8024" y1="10.3565" x1="9.1356"/><wire layer="1" width="0.1519" y2="12.9805" x2="8.815" y1="11.6491" x1="8.8024"/><wire layer="1" width="0.1519" y2="14.26" x2="9.171" y1="12.9805" x1="8.815"/><wire layer="1" width="0.1519" y2="15.401" x2="9.8443" y1="14.26" x1="9.171"/><wire layer="1" width="0.1519" y2="16.3264" x2="10.7877" y1="15.401" x1="9.8443"/><wire layer="1" width="0.1519" y2="16.9744" x2="11.9355" y1="16.3264" x1="10.7877"/><wire layer="1" width="0.1519" y2="17.3025" x2="13.2087" y1="16.9744" x1="11.9355"/><wire layer="1" width="0.1519" y2="17.2898" x2="14.5201" y1="17.3025" x1="13.2087"/><wire layer="1" width="0.1519" y2="16.9391" x2="15.7803" y1="17.2898" x1="14.5201"/><wire layer="1" width="0.1519" y2="16.2757" x2="16.9039" y1="16.9391" x1="15.7803"/><wire layer="1" width="0.1519" y2="15.3465" x2="17.8152" y1="16.2757" x1="16.9039"/><wire layer="1" width="0.1519" y2="14.2161" x2="18.4533" y1="15.3465" x1="17.8152"/><wire layer="1" width="0.1519" y2="12.9622" x2="18.7762" y1="14.2161" x1="18.4533"/><wire layer="1" width="0.1519" y2="11.6707" x2="18.7635" y1="12.9622" x1="18.7762"/><wire layer="1" width="0.1519" y2="10.4298" x2="18.4179" y1="11.6707" x1="18.7635"/><wire layer="1" width="0.1519" y2="9.3235" x2="17.7646" y1="10.4298" x1="18.4179"/><wire layer="1" width="0.1519" y2="8.4264" x2="16.8495" y1="9.3235" x1="17.7646"/><wire layer="1" width="0.1519" y2="7.7983" x2="15.7363" y1="8.4264" x1="16.8495"/><wire layer="1" width="0.1519" y2="7.4806" x2="14.5018" y1="7.7983" x1="15.7363"/><wire layer="1" width="0.1519" y2="7.4933" x2="13.2304" y1="7.4806" x1="14.5018"/><wire layer="1" width="0.1519" y2="7.8337" x2="12.0088" y1="7.4933" x1="13.2304"/><wire layer="1" width="0.1519" y2="8.477" x2="10.9198" y1="7.8337" x1="12.0088"/><wire layer="1" width="0.1519" y2="9.3779" x2="10.0368" y1="8.477" x1="10.9198"/><wire layer="1" width="0.1519" y2="10.4738" x2="9.4187" y1="9.3779" x1="10.0368"/><wire layer="1" width="0.1519" y2="11.6891" x2="9.1062" y1="10.4738" x1="9.4187"/><wire layer="1" width="0.1519" y2="12.9405" x2="9.1188" y1="11.6891" x1="9.1062"/><wire layer="1" width="0.1519" y2="14.1428" x2="9.4541" y1="12.9405" x1="9.1188"/><wire layer="1" width="0.1519" y2="15.2144" x2="10.0874" y1="14.1428" x1="9.4541"/><wire layer="1" width="0.1519" y2="16.0833" x2="10.9742" y1="15.2144" x1="10.0874"/><wire layer="1" width="0.1519" y2="16.6914" x2="12.0527" y1="16.0833" x1="10.9742"/><wire layer="1" width="0.1519" y2="16.9987" x2="13.2487" y1="16.6914" x1="12.0527"/><wire layer="1" width="0.1519" y2="16.9861" x2="14.4801" y1="16.9987" x1="13.2487"/><wire layer="1" width="0.1519" y2="16.656" x2="15.6631" y1="16.9861" x1="14.4801"/><wire layer="1" width="0.1519" y2="16.0326" x2="16.7174" y1="16.656" x1="15.6631"/><wire layer="1" width="0.1519" y2="15.16" x2="17.5721" y1="16.0326" x1="16.7174"/><wire layer="1" width="0.1519" y2="14.0988" x2="18.1702" y1="15.16" x1="17.5721"/><wire layer="1" width="0.1519" y2="12.9222" x2="18.4724" y1="14.0988" x1="18.1702"/><wire layer="1" width="0.1519" y2="11.7107" x2="18.4597" y1="12.9222" x1="18.4724"/><wire layer="1" width="0.1519" y2="10.5471" x2="18.1348" y1="11.7107" x1="18.4597"/><wire layer="1" width="0.1519" y2="9.5101" x2="17.5215" y1="10.5471" x1="18.1348"/><wire layer="1" width="0.1519" y2="8.6695" x2="16.663" y1="9.5101" x1="17.5215"/><wire layer="1" width="0.1519" y2="8.0814" x2="15.6191" y1="8.6695" x1="16.663"/><wire layer="1" width="0.1519" y2="7.7844" x2="14.4618" y1="8.0814" x1="15.6191"/><wire layer="1" width="0.1519" y2="7.7971" x2="13.2703" y1="7.7844" x1="14.4618"/><wire layer="1" width="0.1519" y2="8.1168" x2="12.126" y1="7.7971" x1="13.2703"/><wire layer="1" width="0.1519" y2="8.7201" x2="11.1063" y1="8.1168" x1="12.126"/><wire layer="1" width="0.1519" y2="9.5645" x2="10.2799" y1="8.7201" x1="11.1063"/><wire layer="1" width="0.1519" y2="10.5911" x2="9.7018" y1="9.5645" x1="10.2799"/><wire layer="1" width="0.1519" y2="11.7291" x2="9.41" y1="10.5911" x1="9.7018"/><wire layer="1" width="0.1519" y2="12.9005" x2="9.4226" y1="11.7291" x1="9.41"/><wire layer="1" width="0.1519" y2="14.0255" x2="9.7372" y1="12.9005" x1="9.4226"/><wire layer="1" width="0.1519" y2="15.0279" x2="10.3305" y1="14.0255" x1="9.7372"/><wire layer="1" width="0.1519" y2="15.8402" x2="11.1607" y1="15.0279" x1="10.3305"/><wire layer="1" width="0.1519" y2="16.4083" x2="12.17" y1="15.8402" x1="11.1607"/><wire layer="1" width="0.1519" y2="16.6949" x2="13.2887" y1="16.4083" x1="12.17"/><wire layer="1" width="0.1519" y2="16.6823" x2="14.4401" y1="16.6949" x1="13.2887"/><wire layer="1" width="0.1519" y2="16.3729" x2="15.5458" y1="16.6823" x1="14.4401"/><wire layer="1" width="0.1519" y2="15.7896" x2="16.5309" y1="16.3729" x1="15.5458"/><wire layer="1" width="0.1519" y2="14.9735" x2="17.329" y1="15.7896" x1="16.5309"/><wire layer="1" width="0.1519" y2="13.9815" x2="17.8871" y1="14.9735" x1="17.329"/><wire layer="1" width="0.1519" y2="12.8822" x2="18.1686" y1="13.9815" x1="17.8871"/><wire layer="1" width="0.1519" y2="11.7507" x2="18.1559" y1="12.8822" x1="18.1686"/><wire layer="1" width="0.1519" y2="10.6643" x2="17.8517" y1="11.7507" x1="18.1559"/><wire layer="1" width="0.1519" y2="9.6966" x2="17.2784" y1="10.6643" x1="17.8517"/><wire layer="1" width="0.1519" y2="8.9126" x2="16.4765" y1="9.6966" x1="17.2784"/><wire layer="1" width="0.1519" y2="8.3645" x2="15.5018" y1="8.9126" x1="16.4765"/><wire layer="1" width="0.1519" y2="8.0882" x2="14.4218" y1="8.3645" x1="15.5018"/><wire layer="1" width="0.1519" y2="8.1008" x2="13.3103" y1="8.0882" x1="14.4218"/><wire layer="1" width="0.1519" y2="8.3999" x2="12.2433" y1="8.1008" x1="13.3103"/><wire layer="1" width="0.1519" y2="8.9632" x2="11.2928" y1="8.3999" x1="12.2433"/><wire layer="1" width="0.1519" y2="9.751" x2="10.523" y1="8.9632" x1="11.2928"/><wire layer="1" width="0.1519" y2="10.7083" x2="9.9849" y1="9.751" x1="10.523"/><wire layer="1" width="0.1519" y2="11.7691" x2="9.7137" y1="10.7083" x1="9.9849"/><wire layer="1" width="0.1519" y2="12.8605" x2="9.7264" y1="11.7691" x1="9.7137"/><wire layer="1" width="0.1519" y2="13.9083" x2="10.0202" y1="12.8605" x1="9.7264"/><wire layer="1" width="0.1519" y2="14.8414" x2="10.5736" y1="13.9083" x1="10.0202"/><wire layer="1" width="0.1519" y2="15.5971" x2="11.3472" y1="14.8414" x1="10.5736"/><wire layer="1" width="0.1519" y2="16.1252" x2="12.2872" y1="15.5971" x1="11.3472"/><wire layer="1" width="0.1519" y2="16.3911" x2="13.3287" y1="16.1252" x1="12.2872"/><wire layer="1" width="0.1519" y2="16.3785" x2="14.4001" y1="16.3911" x1="13.3287"/><wire layer="1" width="0.1519" y2="16.0898" x2="15.4286" y1="16.3785" x1="14.4001"/><wire layer="1" width="0.1519" y2="15.5465" x2="16.3443" y1="16.0898" x1="15.4286"/><wire layer="1" width="0.1519" y2="14.787" x2="17.086" y1="15.5465" x1="16.3443"/><wire layer="1" width="0.1519" y2="13.8643" x2="17.604" y1="14.787" x1="17.086"/><wire layer="1" width="0.1519" y2="12.8422" x2="17.8648" y1="13.8643" x1="17.604"/><wire layer="1" width="0.1519" y2="11.7907" x2="17.8522" y1="12.8422" x1="17.8648"/><wire layer="1" width="0.1519" y2="10.7816" x2="17.5687" y1="11.7907" x1="17.8522"/><wire layer="1" width="0.1519" y2="9.8831" x2="17.0353" y1="10.7816" x1="17.5687"/><wire layer="1" width="0.1519" y2="9.1557" x2="16.2899" y1="9.8831" x1="17.0353"/><wire layer="1" width="0.1519" y2="8.6476" x2="15.3846" y1="9.1557" x1="16.2899"/><wire layer="1" width="0.1519" y2="8.392" x2="14.3818" y1="8.6476" x1="15.3846"/><wire layer="1" width="0.1519" y2="8.4046" x2="13.3503" y1="8.392" x1="14.3818"/><wire layer="1" width="0.1519" y2="8.6829" x2="12.3605" y1="8.4046" x1="13.3503"/><wire layer="1" width="0.1519" y2="9.2063" x2="11.4794" y1="8.6829" x1="12.3605"/><wire layer="1" width="0.1519" y2="9.9375" x2="10.766" y1="9.2063" x1="11.4794"/><wire layer="1" width="0.1519" y2="10.8256" x2="10.2679" y1="9.9375" x1="10.766"/><wire layer="1" width="0.1519" y2="11.8091" x2="10.0175" y1="10.8256" x1="10.2679"/><wire layer="1" width="0.1519" y2="12.8205" x2="10.0302" y1="11.8091" x1="10.0175"/><wire layer="1" width="0.1519" y2="13.791" x2="10.3033" y1="12.8205" x1="10.0302"/><wire layer="1" width="0.1519" y2="14.6548" x2="10.8167" y1="13.791" x1="10.3033"/><wire layer="1" width="0.1519" y2="15.354" x2="11.5338" y1="14.6548" x1="10.8167"/><wire layer="1" width="0.1519" y2="15.8421" x2="12.4045" y1="15.354" x1="11.5338"/><wire layer="1" width="0.1519" y2="16.0874" x2="13.3687" y1="15.8421" x1="12.4045"/><wire layer="1" width="0.1519" y2="16.0747" x2="14.3601" y1="16.0874" x1="13.3687"/><wire layer="1" width="0.1519" y2="15.8067" x2="15.3113" y1="16.0747" x1="14.3601"/><wire layer="1" width="0.1519" y2="15.3034" x2="16.1578" y1="15.8067" x1="15.3113"/><wire layer="1" width="0.1519" y2="14.6004" x2="16.8429" y1="15.3034" x1="16.1578"/><wire layer="1" width="0.1519" y2="13.747" x2="17.321" y1="14.6004" x1="16.8429"/><wire layer="1" width="0.1519" y2="12.8022" x2="17.561" y1="13.747" x1="17.321"/><wire layer="1" width="0.1519" y2="11.8307" x2="17.5484" y1="12.8022" x1="17.561"/><wire layer="1" width="0.1519" y2="10.8989" x2="17.2856" y1="11.8307" x1="17.5484"/><wire layer="1" width="0.1519" y2="10.0697" x2="16.7922" y1="10.8989" x1="17.2856"/><wire layer="1" width="0.1519" y2="9.3987" x2="16.1034" y1="10.0697" x1="16.7922"/><wire layer="1" width="0.1519" y2="8.9306" x2="15.2673" y1="9.3987" x1="16.1034"/><wire layer="1" width="0.1519" y2="8.6958" x2="14.3418" y1="8.9306" x1="15.2673"/><wire layer="1" width="0.1519" y2="8.7084" x2="13.3903" y1="8.6958" x1="14.3418"/><wire layer="1" width="0.1519" y2="8.966" x2="12.4778" y1="8.7084" x1="13.3903"/><wire layer="1" width="0.1519" y2="9.4494" x2="11.6659" y1="8.966" x1="12.4778"/><wire layer="1" width="0.1519" y2="10.1241" x2="11.0091" y1="9.4494" x1="11.6659"/><wire layer="1" width="0.1519" y2="10.9428" x2="10.551" y1="10.1241" x1="11.0091"/><wire layer="1" width="0.1519" y2="11.849" x2="10.3213" y1="10.9428" x1="10.551"/><wire layer="1" width="0.1519" y2="12.7805" x2="10.334" y1="11.849" x1="10.3213"/><wire layer="1" width="0.1519" y2="13.6737" x2="10.5864" y1="12.7805" x1="10.334"/><wire layer="1" width="0.1519" y2="14.4683" x2="11.0598" y1="13.6737" x1="10.5864"/><wire layer="1" width="0.1519" y2="15.1109" x2="11.7203" y1="14.4683" x1="11.0598"/><wire layer="1" width="0.1519" y2="15.559" x2="12.5218" y1="15.1109" x1="11.7203"/><wire layer="1" width="0.1519" y2="15.7836" x2="13.4087" y1="15.559" x1="12.5218"/><wire layer="1" width="0.1519" y2="15.7709" x2="14.3201" y1="15.7836" x1="13.4087"/><wire layer="1" width="0.1519" y2="15.5237" x2="15.194" y1="15.7709" x1="14.3201"/><wire layer="1" width="0.1519" y2="15.0603" x2="15.9713" y1="15.5237" x1="15.194"/><wire layer="1" width="0.1519" y2="14.4139" x2="16.5998" y1="15.0603" x1="15.9713"/><wire layer="1" width="0.1519" y2="13.6298" x2="17.0379" y1="14.4139" x1="16.5998"/><wire layer="1" width="0.1519" y2="12.7622" x2="17.2572" y1="13.6298" x1="17.0379"/><wire layer="1" width="0.1519" y2="11.8707" x2="17.2446" y1="12.7622" x1="17.2572"/><wire layer="1" width="0.1519" y2="11.0161" x2="17.0025" y1="11.8707" x1="17.2446"/><wire layer="1" width="0.1519" y2="10.2562" x2="16.5491" y1="11.0161" x1="17.0025"/><wire layer="1" width="0.1519" y2="9.6418" x2="15.9169" y1="10.2562" x1="16.5491"/><wire layer="1" width="0.1519" y2="9.2137" x2="15.1501" y1="9.6418" x1="15.9169"/><wire layer="1" width="0.1519" y2="8.9995" x2="14.3018" y1="9.2137" x1="15.1501"/><wire layer="1" width="0.1519" y2="9.0122" x2="13.4303" y1="8.9995" x1="14.3018"/><wire layer="1" width="0.1519" y2="9.2491" x2="12.595" y1="9.0122" x1="13.4303"/><wire layer="1" width="0.1519" y2="9.6925" x2="11.8524" y1="9.2491" x1="12.595"/><wire layer="1" width="0.1519" y2="10.3106" x2="11.2522" y1="9.6925" x1="11.8524"/><wire layer="1" width="0.1519" y2="11.0601" x2="10.8341" y1="10.3106" x1="11.2522"/><wire layer="1" width="0.1519" y2="11.889" x2="10.6251" y1="11.0601" x1="10.8341"/><wire layer="1" width="0.1519" y2="12.7405" x2="10.6378" y1="11.889" x1="10.6251"/><wire layer="1" width="0.1519" y2="13.5565" x2="10.8695" y1="12.7405" x1="10.6378"/><wire layer="1" width="0.1519" y2="14.2818" x2="11.3029" y1="13.5565" x1="10.8695"/><wire layer="1" width="0.1519" y2="14.8678" x2="11.9068" y1="14.2818" x1="11.3029"/><wire layer="1" width="0.1519" y2="15.276" x2="12.639" y1="14.8678" x1="11.9068"/><wire layer="1" width="0.1519" y2="15.4798" x2="13.4487" y1="15.276" x1="12.639"/><wire layer="1" width="0.1519" y2="15.4671" x2="14.2801" y1="15.4798" x1="13.4487"/><wire layer="1" width="0.1519" y2="15.2406" x2="15.0768" y1="15.4671" x1="14.2801"/><wire layer="1" width="0.1519" y2="14.8172" x2="15.7848" y1="15.2406" x1="15.0768"/><wire layer="1" width="0.1519" y2="14.2274" x2="16.3567" y1="14.8172" x1="15.7848"/><wire layer="1" width="0.1519" y2="13.5125" x2="16.7548" y1="14.2274" x1="16.3567"/><wire layer="1" width="0.1519" y2="12.7222" x2="16.9535" y1="13.5125" x1="16.7548"/><wire layer="1" width="0.1519" y2="11.9107" x2="16.9408" y1="12.7222" x1="16.9535"/><wire layer="1" width="0.1519" y2="11.1334" x2="16.7194" y1="11.9107" x1="16.9408"/><wire layer="1" width="0.1519" y2="10.4427" x2="16.306" y1="11.1334" x1="16.7194"/><wire layer="1" width="0.1519" y2="9.8849" x2="15.7304" y1="10.4427" x1="16.306"/><wire layer="1" width="0.1519" y2="9.4968" x2="15.0328" y1="9.8849" x1="15.7304"/><wire layer="1" width="0.1519" y2="9.3033" x2="14.2618" y1="9.4968" x1="15.0328"/><wire layer="1" width="0.1519" y2="9.316" x2="13.4703" y1="9.3033" x1="14.2618"/><wire layer="1" width="0.1519" y2="9.5322" x2="12.7123" y1="9.316" x1="13.4703"/><wire layer="1" width="0.1519" y2="9.9356" x2="12.0389" y1="9.5322" x1="12.7123"/><wire layer="1" width="0.1519" y2="10.4971" x2="11.4953" y1="9.9356" x1="12.0389"/><wire layer="1" width="0.1519" y2="11.1773" x2="11.1172" y1="10.4971" x1="11.4953"/><wire layer="1" width="0.1519" y2="11.929" x2="10.9289" y1="11.1773" x1="11.1172"/><wire layer="1" width="0.1519" y2="12.3156" x2="10.9415" y1="11.929" x1="10.9289"/><wire layer="1" width="0.1519" y2="12.3156" x2="11.3909" y1="12.3156" x1="10.9415"/><wire layer="1" width="0.3038" y2="12.3156" x2="11.8402" y1="12.3156" x1="11.3909"/><wire layer="1" width="0.3038" y2="13.227" x2="2.8953" y1="13.227" x1="3.7596"/><wire layer="1" width="0.3038" y2="13.0141" x2="2.031" y1="13.227" x1="2.8953"/><wire layer="1" width="0.3038" y2="12.8013" x2="2.031" y1="13.0141" x1="2.031"/><wire layer="1" width="0.1519" y2="11.8599" x2="4.8532" y1="12.3156" x1="4.8532"/><wire layer="1" width="0.1519" y2="11.4043" x2="4.3064" y1="11.8599" x1="4.8532"/><wire layer="1" width="0.1519" y2="11.4043" x2="3.7596" y1="11.4043" x1="4.3064"/><wire layer="1" width="0.3038" y2="11.4043" x2="2.8953" y1="11.4043" x1="3.7596"/><wire layer="1" width="0.3038" y2="11.4043" x2="2.031" y1="11.4043" x1="2.8953"/><wire layer="16" width="0.1519" y2="11.1308" x2="4.8659" y1="12.3156" x1="4.8532"/><wire layer="16" width="0.1519" y2="8.8469" x2="5.4909" y1="11.1308" x1="4.8659"/><wire layer="16" width="0.1519" y2="6.8054" x2="6.6842" y1="8.8469" x1="5.4909"/><wire layer="16" width="0.1519" y2="5.1447" x2="8.3628" y1="6.8054" x1="6.6842"/><wire layer="16" width="0.1519" y2="3.9767" x2="10.4111" y1="5.1447" x1="8.3628"/><wire layer="16" width="0.1519" y2="3.3795" x2="12.6888" y1="3.9767" x1="10.4111"/><wire layer="16" width="0.1519" y2="3.3922" x2="15.04" y1="3.3795" x1="12.6888"/><wire layer="16" width="0.1519" y2="4.0121" x2="17.3047" y1="3.3922" x1="15.04"/><wire layer="16" width="0.1519" y2="5.1954" x2="19.3288" y1="4.0121" x1="17.3047"/><wire layer="16" width="0.1519" y2="6.8598" x2="20.9754" y1="5.1954" x1="19.3288"/><wire layer="16" width="0.1519" y2="8.8908" x2="22.1334" y1="6.8598" x1="20.9754"/><wire layer="16" width="0.1519" y2="11.1492" x2="22.7254" y1="8.8908" x1="22.1334"/><wire layer="16" width="0.1519" y2="13.4804" x2="22.7127" y1="11.1492" x1="22.7254"/><wire layer="16" width="0.1519" y2="15.7257" x2="22.098" y1="13.4804" x1="22.7127"/><wire layer="16" width="0.1519" y2="17.7325" x2="20.9247" y1="15.7257" x1="22.098"/><wire layer="16" width="0.1519" y2="19.365" x2="19.2744" y1="17.7325" x1="20.9247"/><wire layer="16" width="0.1519" y2="20.513" x2="17.2607" y1="19.365" x1="19.2744"/><wire layer="16" width="0.1519" y2="21.0998" x2="15.0217" y1="20.513" x1="17.2607"/><wire layer="16" width="0.1519" y2="21.0871" x2="12.7104" y1="21.0998" x1="15.0217"/><wire layer="16" width="0.1519" y2="20.4776" x2="10.4844" y1="21.0871" x1="12.7104"/><wire layer="16" width="0.1519" y2="19.3143" x2="8.4949" y1="20.4776" x1="10.4844"/><wire layer="16" width="0.1519" y2="17.6781" x2="6.8766" y1="19.3143" x1="8.4949"/><wire layer="16" width="0.1519" y2="15.6818" x2="5.7386" y1="17.6781" x1="6.8766"/><wire layer="16" width="0.1519" y2="13.4621" x2="5.157" y1="15.6818" x1="5.7386"/><wire layer="16" width="0.1519" y2="11.1708" x2="5.1696" y1="13.4621" x1="5.157"/><wire layer="16" width="0.1519" y2="8.9641" x2="5.774" y1="11.1708" x1="5.1696"/><wire layer="16" width="0.1519" y2="6.9919" x2="6.9273" y1="8.9641" x1="5.774"/><wire layer="16" width="0.1519" y2="5.3878" x2="8.5493" y1="6.9919" x1="6.9273"/><wire layer="16" width="0.1519" y2="4.2598" x2="10.5284" y1="5.3878" x1="8.5493"/><wire layer="16" width="0.1519" y2="3.6833" x2="12.7288" y1="4.2598" x1="10.5284"/><wire layer="16" width="0.1519" y2="3.696" x2="15" y1="3.6833" x1="12.7288"/><wire layer="16" width="0.1519" y2="4.2952" x2="17.1874" y1="3.696" x1="15"/><wire layer="16" width="0.1519" y2="5.4384" x2="19.1423" y1="4.2952" x1="17.1874"/><wire layer="16" width="0.1519" y2="7.0463" x2="20.7323" y1="5.4384" x1="19.1423"/><wire layer="16" width="0.1519" y2="9.0081" x2="21.8503" y1="7.0463" x1="20.7323"/><wire layer="16" width="0.1519" y2="11.1891" x2="22.4216" y1="9.0081" x1="21.8503"/><wire layer="16" width="0.1519" y2="13.4404" x2="22.4089" y1="11.1891" x1="22.4216"/><wire layer="16" width="0.1519" y2="15.6085" x2="21.8149" y1="13.4404" x1="22.4089"/><wire layer="16" width="0.1519" y2="17.546" x2="20.6816" y1="15.6085" x1="21.8149"/><wire layer="16" width="0.1519" y2="19.1219" x2="19.0879" y1="17.546" x1="20.6816"/><wire layer="16" width="0.1519" y2="20.2299" x2="17.1434" y1="19.1219" x1="19.0879"/><wire layer="16" width="0.1519" y2="20.796" x2="14.9817" y1="20.2299" x1="17.1434"/><wire layer="16" width="0.1519" y2="20.7834" x2="12.7504" y1="20.796" x1="14.9817"/><wire layer="16" width="0.1519" y2="20.1945" x2="10.6017" y1="20.7834" x1="12.7504"/><wire layer="16" width="0.1519" y2="19.0712" x2="8.6814" y1="20.1945" x1="10.6017"/><wire layer="16" width="0.1519" y2="17.4916" x2="7.1197" y1="19.0712" x1="8.6814"/><wire layer="16" width="0.1519" y2="15.5645" x2="6.0217" y1="17.4916" x1="7.1197"/><wire layer="16" width="0.1519" y2="13.4221" x2="5.4608" y1="15.5645" x1="6.0217"/><wire layer="16" width="0.1519" y2="11.2108" x2="5.4734" y1="13.4221" x1="5.4608"/><wire layer="16" width="0.1519" y2="9.0814" x2="6.0571" y1="11.2108" x1="5.4734"/><wire layer="16" width="0.1519" y2="7.1785" x2="7.1704" y1="9.0814" x1="6.0571"/><wire layer="16" width="0.1519" y2="5.6309" x2="8.7359" y1="7.1785" x1="7.1704"/><wire layer="16" width="0.1519" y2="4.5429" x2="10.6457" y1="5.6309" x1="8.7359"/><wire layer="16" width="0.1519" y2="3.9871" x2="12.7688" y1="4.5429" x1="10.6457"/><wire layer="16" width="0.1519" y2="3.9998" x2="14.96" y1="3.9871" x1="12.7688"/><wire layer="16" width="0.1519" y2="4.5783" x2="17.0701" y1="3.9998" x1="14.96"/><wire layer="16" width="0.1519" y2="5.6815" x2="18.9557" y1="4.5783" x1="17.0701"/><wire layer="16" width="0.1519" y2="7.2329" x2="20.4892" y1="5.6815" x1="18.9557"/><wire layer="16" width="0.1519" y2="9.1254" x2="21.5672" y1="7.2329" x1="20.4892"/><wire layer="16" width="0.1519" y2="11.2291" x2="22.1178" y1="9.1254" x1="21.5672"/><wire layer="16" width="0.1519" y2="13.4004" x2="22.1051" y1="11.2291" x1="22.1178"/><wire layer="16" width="0.1519" y2="15.4912" x2="21.5318" y1="13.4004" x1="22.1051"/><wire layer="16" width="0.1519" y2="17.3595" x2="20.4385" y1="15.4912" x1="21.5318"/><wire layer="16" width="0.1519" y2="18.8788" x2="18.9013" y1="17.3595" x1="20.4385"/><wire layer="16" width="0.1519" y2="19.9468" x2="17.0262" y1="18.8788" x1="18.9013"/><wire layer="16" width="0.1519" y2="20.4922" x2="14.9417" y1="19.9468" x1="17.0262"/><wire layer="16" width="0.1519" y2="20.4796" x2="12.7904" y1="20.4922" x1="14.9417"/><wire layer="16" width="0.1519" y2="19.9114" x2="10.7189" y1="20.4796" x1="12.7904"/><wire layer="16" width="0.1519" y2="18.8282" x2="8.868" y1="19.9114" x1="10.7189"/><wire layer="16" width="0.1519" y2="17.3051" x2="7.3628" y1="18.8282" x1="8.868"/><wire layer="16" width="0.1519" y2="15.4472" x2="6.3048" y1="17.3051" x1="7.3628"/><wire layer="16" width="0.1519" y2="13.3821" x2="5.7645" y1="15.4472" x1="6.3048"/><wire layer="16" width="0.1519" y2="11.2508" x2="5.7772" y1="13.3821" x1="5.7645"/><wire layer="16" width="0.1519" y2="9.1986" x2="6.3402" y1="11.2508" x1="5.7772"/><wire layer="16" width="0.1519" y2="7.365" x2="7.4135" y1="9.1986" x1="6.3402"/><wire layer="16" width="0.1519" y2="5.874" x2="8.9224" y1="7.365" x1="7.4135"/><wire layer="16" width="0.1519" y2="4.826" x2="10.7629" y1="5.874" x1="8.9224"/><wire layer="16" width="0.1519" y2="4.2909" x2="12.8087" y1="4.826" x1="10.7629"/><wire layer="16" width="0.1519" y2="4.3035" x2="14.92" y1="4.2909" x1="12.8087"/><wire layer="16" width="0.1519" y2="4.8613" x2="16.9529" y1="4.3035" x1="14.92"/><wire layer="16" width="0.1519" y2="5.9246" x2="18.7692" y1="4.8613" x1="16.9529"/><wire layer="16" width="0.1519" y2="7.4194" x2="20.2461" y1="5.9246" x1="18.7692"/><wire layer="16" width="0.1519" y2="9.2426" x2="21.2841" y1="7.4194" x1="20.2461"/><wire layer="16" width="0.1519" y2="11.2691" x2="21.814" y1="9.2426" x1="21.2841"/><wire layer="16" width="0.1519" y2="13.3604" x2="21.8013" y1="11.2691" x1="21.814"/><wire layer="16" width="0.1519" y2="15.374" x2="21.2487" y1="13.3604" x1="21.8013"/><wire layer="16" width="0.1519" y2="17.173" x2="20.1954" y1="15.374" x1="21.2487"/><wire layer="16" width="0.1519" y2="18.6357" x2="18.7148" y1="17.173" x1="20.1954"/><wire layer="16" width="0.1519" y2="19.6637" x2="16.9089" y1="18.6357" x1="18.7148"/><wire layer="16" width="0.1519" y2="20.1884" x2="14.9017" y1="19.6637" x1="16.9089"/><wire layer="16" width="0.1519" y2="20.1758" x2="12.8304" y1="20.1884" x1="14.9017"/><wire layer="16" width="0.1519" y2="19.6283" x2="10.8362" y1="20.1758" x1="12.8304"/><wire layer="16" width="0.1519" y2="18.5851" x2="9.0545" y1="19.6283" x1="10.8362"/><wire layer="16" width="0.1519" y2="17.1186" x2="7.6059" y1="18.5851" x1="9.0545"/><wire layer="16" width="0.1519" y2="15.33" x2="6.5879" y1="17.1186" x1="7.6059"/><wire layer="16" width="0.1519" y2="13.3421" x2="6.0683" y1="15.33" x1="6.5879"/><wire layer="16" width="0.1519" y2="11.2908" x2="6.081" y1="13.3421" x1="6.0683"/><wire layer="16" width="0.1519" y2="9.3159" x2="6.6233" y1="11.2908" x1="6.081"/><wire layer="16" width="0.1519" y2="7.5515" x2="7.6565" y1="9.3159" x1="6.6233"/><wire layer="16" width="0.1519" y2="6.1171" x2="9.1089" y1="7.5515" x1="7.6565"/><wire layer="16" width="0.1519" y2="5.109" x2="10.8802" y1="6.1171" x1="9.1089"/><wire layer="16" width="0.1519" y2="4.5947" x2="12.8487" y1="5.109" x1="10.8802"/><wire layer="16" width="0.1519" y2="4.6073" x2="14.88" y1="4.5947" x1="12.8487"/><wire layer="16" width="0.1519" y2="5.1444" x2="16.8356" y1="4.6073" x1="14.88"/><wire layer="16" width="0.1519" y2="6.1677" x2="18.5827" y1="5.1444" x1="16.8356"/><wire layer="16" width="0.1519" y2="7.6059" x2="20.003" y1="6.1677" x1="18.5827"/><wire layer="16" width="0.1519" y2="9.3599" x2="21.001" y1="7.6059" x1="20.003"/><wire layer="16" width="0.1519" y2="11.3091" x2="21.5102" y1="9.3599" x1="21.001"/><wire layer="16" width="0.1519" y2="13.3204" x2="21.4976" y1="11.3091" x1="21.5102"/><wire layer="16" width="0.1519" y2="15.2567" x2="20.9656" y1="13.3204" x1="21.4976"/><wire layer="16" width="0.1519" y2="16.9864" x2="19.9524" y1="15.2567" x1="20.9656"/><wire layer="16" width="0.1519" y2="18.3926" x2="18.5283" y1="16.9864" x1="19.9524"/><wire layer="16" width="0.1519" y2="19.3806" x2="16.7917" y1="18.3926" x1="18.5283"/><wire layer="16" width="0.1519" y2="19.8847" x2="14.8617" y1="19.3806" x1="16.7917"/><wire layer="16" width="0.1519" y2="19.872" x2="12.8704" y1="19.8847" x1="14.8617"/><wire layer="16" width="0.1519" y2="19.3453" x2="10.9535" y1="19.872" x1="12.8704"/><wire layer="16" width="0.1519" y2="18.342" x2="9.241" y1="19.3453" x1="10.9535"/><wire layer="16" width="0.1519" y2="16.932" x2="7.849" y1="18.342" x1="9.241"/><wire layer="16" width="0.1519" y2="15.2127" x2="6.871" y1="16.932" x1="7.849"/><wire layer="16" width="0.1519" y2="13.3021" x2="6.3721" y1="15.2127" x1="6.871"/><wire layer="16" width="0.1519" y2="11.3308" x2="6.3848" y1="13.3021" x1="6.3721"/><wire layer="16" width="0.1519" y2="9.4332" x2="6.9064" y1="11.3308" x1="6.3848"/><wire layer="16" width="0.1519" y2="7.7381" x2="7.8996" y1="9.4332" x1="6.9064"/><wire layer="16" width="0.1519" y2="6.3602" x2="9.2954" y1="7.7381" x1="7.8996"/><wire layer="16" width="0.1519" y2="5.3921" x2="10.9974" y1="6.3602" x1="9.2954"/><wire layer="16" width="0.1519" y2="4.8985" x2="12.8887" y1="5.3921" x1="10.9974"/><wire layer="16" width="0.1519" y2="4.9111" x2="14.84" y1="4.8985" x1="12.8887"/><wire layer="16" width="0.1519" y2="5.4275" x2="16.7184" y1="4.9111" x1="14.84"/><wire layer="16" width="0.1519" y2="6.4108" x2="18.3962" y1="5.4275" x1="16.7184"/><wire layer="16" width="0.1519" y2="7.7925" x2="19.7599" y1="6.4108" x1="18.3962"/><wire layer="16" width="0.1519" y2="9.4771" x2="20.7179" y1="7.7925" x1="19.7599"/><wire layer="16" width="0.1519" y2="11.3491" x2="21.2064" y1="9.4771" x1="20.7179"/><wire layer="16" width="0.1519" y2="13.2804" x2="21.1938" y1="11.3491" x1="21.2064"/><wire layer="16" width="0.1519" y2="15.1394" x2="20.6826" y1="13.2804" x1="21.1938"/><wire layer="16" width="0.1519" y2="16.7999" x2="19.7093" y1="15.1394" x1="20.6826"/><wire layer="16" width="0.1519" y2="18.1495" x2="18.3417" y1="16.7999" x1="19.7093"/><wire layer="16" width="0.1519" y2="19.0976" x2="16.6744" y1="18.1495" x1="18.3417"/><wire layer="16" width="0.1519" y2="19.5809" x2="14.8217" y1="19.0976" x1="16.6744"/><wire layer="16" width="0.1519" y2="19.5682" x2="12.9104" y1="19.5809" x1="14.8217"/><wire layer="16" width="0.1519" y2="19.0622" x2="11.0707" y1="19.5682" x1="12.9104"/><wire layer="16" width="0.1519" y2="18.0989" x2="9.4276" y1="19.0622" x1="11.0707"/><wire layer="16" width="0.1519" y2="16.7455" x2="8.0921" y1="18.0989" x1="9.4276"/><wire layer="16" width="0.1519" y2="15.0955" x2="7.154" y1="16.7455" x1="8.0921"/><wire layer="16" width="0.1519" y2="13.2621" x2="6.6759" y1="15.0955" x1="7.154"/><wire layer="16" width="0.1519" y2="11.3708" x2="6.6886" y1="13.2621" x1="6.6759"/><wire layer="16" width="0.1519" y2="9.5504" x2="7.1894" y1="11.3708" x1="6.6886"/><wire layer="16" width="0.1519" y2="7.9246" x2="8.1427" y1="9.5504" x1="7.1894"/><wire layer="16" width="0.1519" y2="6.6032" x2="9.482" y1="7.9246" x1="8.1427"/><wire layer="16" width="0.1519" y2="5.6752" x2="11.1147" y1="6.6032" x1="9.482"/><wire layer="16" width="0.1519" y2="5.2022" x2="12.9287" y1="5.6752" x1="11.1147"/><wire layer="16" width="0.1519" y2="5.2149" x2="14.8001" y1="5.2022" x1="12.9287"/><wire layer="16" width="0.1519" y2="5.7106" x2="16.6011" y1="5.2149" x1="14.8001"/><wire layer="16" width="0.1519" y2="6.6539" x2="18.2096" y1="5.7106" x1="16.6011"/><wire layer="16" width="0.1519" y2="7.979" x2="19.5168" y1="6.6539" x1="18.2096"/><wire layer="16" width="0.1519" y2="9.5944" x2="20.4349" y1="7.979" x1="19.5168"/><wire layer="16" width="0.1519" y2="11.3891" x2="20.9027" y1="9.5944" x1="20.4349"/><wire layer="16" width="0.1519" y2="13.2404" x2="20.89" y1="11.3891" x1="20.9027"/><wire layer="16" width="0.1519" y2="15.0222" x2="20.3995" y1="13.2404" x1="20.89"/><wire layer="16" width="0.1519" y2="16.6134" x2="19.4662" y1="15.0222" x1="20.3995"/><wire layer="16" width="0.1519" y2="17.9064" x2="18.1552" y1="16.6134" x1="19.4662"/><wire layer="16" width="0.1519" y2="18.8145" x2="16.5571" y1="17.9064" x1="18.1552"/><wire layer="16" width="0.1519" y2="19.2771" x2="14.7817" y1="18.8145" x1="16.5571"/><wire layer="16" width="0.1519" y2="19.2644" x2="12.9504" y1="19.2771" x1="14.7817"/><wire layer="16" width="0.1519" y2="18.7791" x2="11.188" y1="19.2644" x1="12.9504"/><wire layer="16" width="0.1519" y2="17.8558" x2="9.6141" y1="18.7791" x1="11.188"/><wire layer="16" width="0.1519" y2="16.559" x2="8.3352" y1="17.8558" x1="9.6141"/><wire layer="16" width="0.1519" y2="14.9782" x2="7.4371" y1="16.559" x1="8.3352"/><wire layer="16" width="0.1519" y2="13.2221" x2="6.9797" y1="14.9782" x1="7.4371"/><wire layer="16" width="0.1519" y2="11.4108" x2="6.9923" y1="13.2221" x1="6.9797"/><wire layer="16" width="0.1519" y2="9.6677" x2="7.4725" y1="11.4108" x1="6.9923"/><wire layer="16" width="0.1519" y2="8.1111" x2="8.3858" y1="9.6677" x1="7.4725"/><wire layer="16" width="0.1519" y2="6.8463" x2="9.6685" y1="8.1111" x1="8.3858"/><wire layer="16" width="0.1519" y2="5.9583" x2="11.2319" y1="6.8463" x1="9.6685"/><wire layer="16" width="0.1519" y2="5.506" x2="12.9687" y1="5.9583" x1="11.2319"/><wire layer="16" width="0.1519" y2="5.5187" x2="14.7601" y1="5.506" x1="12.9687"/><wire layer="16" width="0.1519" y2="5.9937" x2="16.4839" y1="5.5187" x1="14.7601"/><wire layer="16" width="0.1519" y2="6.897" x2="18.0231" y1="5.9937" x1="16.4839"/><wire layer="16" width="0.1519" y2="8.1655" x2="19.2737" y1="6.897" x1="18.0231"/><wire layer="16" width="0.1519" y2="9.7116" x2="20.1518" y1="8.1655" x1="19.2737"/><wire layer="16" width="0.1519" y2="11.4291" x2="20.5989" y1="9.7116" x1="20.1518"/><wire layer="16" width="0.1519" y2="13.2004" x2="20.5862" y1="11.4291" x1="20.5989"/><wire layer="16" width="0.1519" y2="14.9049" x2="20.1164" y1="13.2004" x1="20.5862"/><wire layer="16" width="0.1519" y2="16.4269" x2="19.2231" y1="14.9049" x1="20.1164"/><wire layer="16" width="0.1519" y2="17.6634" x2="17.9687" y1="16.4269" x1="19.2231"/><wire layer="16" width="0.1519" y2="18.5314" x2="16.4399" y1="17.6634" x1="17.9687"/><wire layer="16" width="0.1519" y2="18.9733" x2="14.7417" y1="18.5314" x1="16.4399"/><wire layer="16" width="0.1519" y2="18.9607" x2="12.9904" y1="18.9733" x1="14.7417"/><wire layer="16" width="0.1519" y2="18.496" x2="11.3052" y1="18.9607" x1="12.9904"/><wire layer="16" width="0.1519" y2="17.6127" x2="9.8006" y1="18.496" x1="11.3052"/><wire layer="16" width="0.1519" y2="16.3724" x2="8.5783" y1="17.6127" x1="9.8006"/><wire layer="16" width="0.1519" y2="14.861" x2="7.7202" y1="16.3724" x1="8.5783"/><wire layer="16" width="0.1519" y2="13.1821" x2="7.2835" y1="14.861" x1="7.7202"/><wire layer="16" width="0.1519" y2="11.4508" x2="7.2961" y1="13.1821" x1="7.2835"/><wire layer="16" width="0.1519" y2="9.7849" x2="7.7556" y1="11.4508" x1="7.2961"/><wire layer="16" width="0.1519" y2="8.2976" x2="8.6289" y1="9.7849" x1="7.7556"/><wire layer="16" width="0.1519" y2="7.0894" x2="9.855" y1="8.2976" x1="8.6289"/><wire layer="16" width="0.1519" y2="6.2414" x2="11.3492" y1="7.0894" x1="9.855"/><wire layer="16" width="0.1519" y2="5.8098" x2="13.0087" y1="6.2414" x1="11.3492"/><wire layer="16" width="0.1519" y2="5.8225" x2="14.7201" y1="5.8098" x1="13.0087"/><wire layer="16" width="0.1519" y2="6.2768" x2="16.3666" y1="5.8225" x1="14.7201"/><wire layer="16" width="0.1519" y2="7.1401" x2="17.8366" y1="6.2768" x1="16.3666"/><wire layer="16" width="0.1519" y2="8.352" x2="19.0307" y1="7.1401" x1="17.8366"/><wire layer="16" width="0.1519" y2="9.8289" x2="19.8687" y1="8.352" x1="19.0307"/><wire layer="16" width="0.1519" y2="11.4691" x2="20.2951" y1="9.8289" x1="19.8687"/><wire layer="16" width="0.1519" y2="13.1605" x2="20.2824" y1="11.4691" x1="20.2951"/><wire layer="16" width="0.1519" y2="14.7877" x2="19.8333" y1="13.1605" x1="20.2824"/><wire layer="16" width="0.1519" y2="16.2403" x2="18.98" y1="14.7877" x1="19.8333"/><wire layer="16" width="0.1519" y2="17.4203" x2="17.7822" y1="16.2403" x1="18.98"/><wire layer="16" width="0.1519" y2="18.2483" x2="16.3226" y1="17.4203" x1="17.7822"/><wire layer="16" width="0.1519" y2="18.6695" x2="14.7017" y1="18.2483" x1="16.3226"/><wire layer="16" width="0.1519" y2="18.6569" x2="13.0304" y1="18.6695" x1="14.7017"/><wire layer="16" width="0.1519" y2="18.2129" x2="11.4225" y1="18.6569" x1="13.0304"/><wire layer="16" width="0.1519" y2="17.3696" x2="9.9871" y1="18.2129" x1="11.4225"/><wire layer="16" width="0.1519" y2="16.1859" x2="8.8213" y1="17.3696" x1="9.9871"/><wire layer="16" width="0.1519" y2="14.7437" x2="8.0033" y1="16.1859" x1="8.8213"/><wire layer="16" width="0.1519" y2="13.1421" x2="7.5873" y1="14.7437" x1="8.0033"/><wire layer="16" width="0.1519" y2="11.4908" x2="7.5999" y1="13.1421" x1="7.5873"/><wire layer="16" width="0.1519" y2="9.9022" x2="8.0387" y1="11.4908" x1="7.5999"/><wire layer="16" width="0.1519" y2="8.4842" x2="8.872" y1="9.9022" x1="8.0387"/><wire layer="16" width="0.1519" y2="7.3325" x2="10.0415" y1="8.4842" x1="8.872"/><wire layer="16" width="0.1519" y2="6.5245" x2="11.4664" y1="7.3325" x1="10.0415"/><wire layer="16" width="0.1519" y2="6.1136" x2="13.0487" y1="6.5245" x1="11.4664"/><wire layer="16" width="0.1519" y2="6.1262" x2="14.6801" y1="6.1136" x1="13.0487"/><wire layer="16" width="0.1519" y2="6.5598" x2="16.2493" y1="6.1262" x1="14.6801"/><wire layer="16" width="0.1519" y2="7.3831" x2="17.65" y1="6.5598" x1="16.2493"/><wire layer="16" width="0.1519" y2="8.5386" x2="18.7876" y1="7.3831" x1="17.65"/><wire layer="16" width="0.1519" y2="9.9461" x2="19.5856" y1="8.5386" x1="18.7876"/><wire layer="16" width="0.1519" y2="11.5091" x2="19.9913" y1="9.9461" x1="19.5856"/><wire layer="16" width="0.1519" y2="13.1205" x2="19.9786" y1="11.5091" x1="19.9913"/><wire layer="16" width="0.1519" y2="14.6704" x2="19.5502" y1="13.1205" x1="19.9786"/><wire layer="16" width="0.1519" y2="16.0538" x2="18.7369" y1="14.6704" x1="19.5502"/><wire layer="16" width="0.1519" y2="17.1772" x2="17.5956" y1="16.0538" x1="18.7369"/><wire layer="16" width="0.1519" y2="17.9652" x2="16.2054" y1="17.1772" x1="17.5956"/><wire layer="16" width="0.1519" y2="18.3657" x2="14.6617" y1="17.9652" x1="16.2054"/><wire layer="16" width="0.1519" y2="18.3531" x2="13.0704" y1="18.3657" x1="14.6617"/><wire layer="16" width="0.1519" y2="17.9298" x2="11.5397" y1="18.3531" x1="13.0704"/><wire layer="16" width="0.1519" y2="17.1265" x2="10.1737" y1="17.9298" x1="11.5397"/><wire layer="16" width="0.1519" y2="15.9994" x2="9.0644" y1="17.1265" x1="10.1737"/><wire layer="16" width="0.1519" y2="14.6264" x2="8.2864" y1="15.9994" x1="9.0644"/><wire layer="16" width="0.1519" y2="13.1021" x2="7.891" y1="14.6264" x1="8.2864"/><wire layer="16" width="0.1519" y2="11.5308" x2="7.9037" y1="13.1021" x1="7.891"/><wire layer="16" width="0.1519" y2="10.0194" x2="8.3218" y1="11.5308" x1="7.9037"/><wire layer="16" width="0.1519" y2="8.6707" x2="9.1151" y1="10.0194" x1="8.3218"/><wire layer="16" width="0.1519" y2="7.5756" x2="10.2281" y1="8.6707" x1="9.1151"/><wire layer="16" width="0.1519" y2="6.8075" x2="11.5837" y1="7.5756" x1="10.2281"/><wire layer="16" width="0.1519" y2="6.4174" x2="13.0887" y1="6.8075" x1="11.5837"/><wire layer="16" width="0.1519" y2="6.43" x2="14.6401" y1="6.4174" x1="13.0887"/><wire layer="16" width="0.1519" y2="6.8429" x2="16.1321" y1="6.43" x1="14.6401"/><wire layer="16" width="0.1519" y2="7.6262" x2="17.4635" y1="6.8429" x1="16.1321"/><wire layer="16" width="0.1519" y2="8.7251" x2="18.5445" y1="7.6262" x1="17.4635"/><wire layer="16" width="0.1519" y2="10.0634" x2="19.3025" y1="8.7251" x1="18.5445"/><wire layer="16" width="0.1519" y2="11.5491" x2="19.6875" y1="10.0634" x1="19.3025"/><wire layer="16" width="0.1519" y2="13.0805" x2="19.6749" y1="11.5491" x1="19.6875"/><wire layer="16" width="0.1519" y2="14.5532" x2="19.2671" y1="13.0805" x1="19.6749"/><wire layer="16" width="0.1519" y2="15.8673" x2="18.4938" y1="14.5532" x1="19.2671"/><wire layer="16" width="0.1519" y2="16.9341" x2="17.4091" y1="15.8673" x1="18.4938"/><wire layer="16" width="0.1519" y2="17.6822" x2="16.0881" y1="16.9341" x1="17.4091"/><wire layer="16" width="0.1519" y2="18.062" x2="14.6217" y1="17.6822" x1="16.0881"/><wire layer="16" width="0.1519" y2="18.0493" x2="13.1104" y1="18.062" x1="14.6217"/><wire layer="16" width="0.1519" y2="17.6468" x2="11.657" y1="18.0493" x1="13.1104"/><wire layer="16" width="0.1519" y2="16.8835" x2="10.3602" y1="17.6468" x1="11.657"/><wire layer="16" width="0.1519" y2="15.8129" x2="9.3075" y1="16.8835" x1="10.3602"/><wire layer="16" width="0.1519" y2="14.5092" x2="8.5695" y1="15.8129" x1="9.3075"/><wire layer="16" width="0.1519" y2="13.0621" x2="8.1948" y1="14.5092" x1="8.5695"/><wire layer="16" width="0.1519" y2="11.5708" x2="8.2075" y1="13.0621" x1="8.1948"/><wire layer="16" width="0.1519" y2="10.1367" x2="8.6048" y1="11.5708" x1="8.2075"/><wire layer="16" width="0.1519" y2="8.8572" x2="9.3582" y1="10.1367" x1="8.6048"/><wire layer="16" width="0.1519" y2="7.8187" x2="10.4146" y1="8.8572" x1="9.3582"/><wire layer="16" width="0.1519" y2="7.0906" x2="11.701" y1="7.8187" x1="10.4146"/><wire layer="16" width="0.1519" y2="6.7212" x2="13.1287" y1="7.0906" x1="11.701"/><wire layer="16" width="0.1519" y2="6.7338" x2="14.6001" y1="6.7212" x1="13.1287"/><wire layer="16" width="0.1519" y2="7.126" x2="16.0148" y1="6.7338" x1="14.6001"/><wire layer="16" width="0.1519" y2="7.8693" x2="17.277" y1="7.126" x1="16.0148"/><wire layer="16" width="0.1519" y2="8.9116" x2="18.3014" y1="7.8693" x1="17.277"/><wire layer="16" width="0.1519" y2="10.1807" x2="19.0195" y1="8.9116" x1="18.3014"/><wire layer="16" width="0.1519" y2="11.5891" x2="19.3837" y1="10.1807" x1="19.0195"/><wire layer="16" width="0.1519" y2="13.0405" x2="19.3711" y1="11.5891" x1="19.3837"/><wire layer="16" width="0.1519" y2="14.4359" x2="18.9841" y1="13.0405" x1="19.3711"/><wire layer="16" width="0.1519" y2="15.6807" x2="18.2507" y1="14.4359" x1="18.9841"/><wire layer="16" width="0.1519" y2="16.691" x2="17.2226" y1="15.6807" x1="18.2507"/><wire layer="16" width="0.1519" y2="17.3991" x2="15.9709" y1="16.691" x1="17.2226"/><wire layer="16" width="0.1519" y2="17.7582" x2="14.5818" y1="17.3991" x1="15.9709"/><wire layer="16" width="0.1519" y2="17.7455" x2="13.1504" y1="17.7582" x1="14.5818"/><wire layer="16" width="0.1519" y2="17.3637" x2="11.7742" y1="17.7455" x1="13.1504"/><wire layer="16" width="0.1519" y2="16.6404" x2="10.5467" y1="17.3637" x1="11.7742"/><wire layer="16" width="0.1519" y2="15.6263" x2="9.5506" y1="16.6404" x1="10.5467"/><wire layer="16" width="0.1519" y2="14.3919" x2="8.8525" y1="15.6263" x1="9.5506"/><wire layer="16" width="0.1519" y2="13.0221" x2="8.4986" y1="14.3919" x1="8.8525"/><wire layer="16" width="0.1519" y2="11.6108" x2="8.5113" y1="13.0221" x1="8.4986"/><wire layer="16" width="0.1519" y2="10.2539" x2="8.8879" y1="11.6108" x1="8.5113"/><wire layer="16" width="0.1519" y2="9.0437" x2="9.6012" y1="10.2539" x1="8.8879"/><wire layer="16" width="0.1519" y2="8.0618" x2="10.6011" y1="9.0437" x1="9.6012"/><wire layer="16" width="0.1519" y2="7.3737" x2="11.8182" y1="8.0618" x1="10.6011"/><wire layer="16" width="0.1519" y2="7.0249" x2="13.1687" y1="7.3737" x1="11.8182"/><wire layer="16" width="0.1519" y2="7.0376" x2="14.5601" y1="7.0249" x1="13.1687"/><wire layer="16" width="0.1519" y2="7.4091" x2="15.8976" y1="7.0376" x1="14.5601"/><wire layer="16" width="0.1519" y2="8.1124" x2="17.0905" y1="7.4091" x1="15.8976"/><wire layer="16" width="0.1519" y2="9.0982" x2="18.0583" y1="8.1124" x1="17.0905"/><wire layer="16" width="0.1519" y2="10.2979" x2="18.7364" y1="9.0982" x1="18.0583"/><wire layer="16" width="0.1519" y2="11.6291" x2="19.08" y1="10.2979" x1="18.7364"/><wire layer="16" width="0.1519" y2="13.0005" x2="19.0673" y1="11.6291" x1="19.08"/><wire layer="16" width="0.1519" y2="14.3187" x2="18.701" y1="13.0005" x1="19.0673"/><wire layer="16" width="0.1519" y2="15.4942" x2="18.0077" y1="14.3187" x1="18.701"/><wire layer="16" width="0.1519" y2="16.4479" x2="17.0361" y1="15.4942" x1="18.0077"/><wire layer="16" width="0.1519" y2="17.116" x2="15.8536" y1="16.4479" x1="17.0361"/><wire layer="16" width="0.1519" y2="17.4544" x2="14.5418" y1="17.116" x1="15.8536"/><wire layer="16" width="0.1519" y2="17.4417" x2="13.1904" y1="17.4544" x1="14.5418"/><wire layer="16" width="0.1519" y2="17.0806" x2="11.8915" y1="17.4417" x1="13.1904"/><wire layer="16" width="0.1519" y2="16.3973" x2="10.7333" y1="17.0806" x1="11.8915"/><wire layer="16" width="0.1519" y2="15.4398" x2="9.7937" y1="16.3973" x1="10.7333"/><wire layer="16" width="0.1519" y2="14.2747" x2="9.1356" y1="15.4398" x1="9.7937"/><wire layer="16" width="0.1519" y2="12.9821" x2="8.8024" y1="14.2747" x1="9.1356"/><wire layer="16" width="0.1519" y2="11.6507" x2="8.815" y1="12.9821" x1="8.8024"/><wire layer="16" width="0.1519" y2="10.3712" x2="9.171" y1="11.6507" x1="8.815"/><wire layer="16" width="0.1519" y2="9.2303" x2="9.8443" y1="10.3712" x1="9.171"/><wire layer="16" width="0.1519" y2="8.3049" x2="10.7877" y1="9.2303" x1="9.8443"/><wire layer="16" width="0.1519" y2="7.6568" x2="11.9355" y1="8.3049" x1="10.7877"/><wire layer="16" width="0.1519" y2="7.3287" x2="13.2087" y1="7.6568" x1="11.9355"/><wire layer="16" width="0.1519" y2="7.3414" x2="14.5201" y1="7.3287" x1="13.2087"/><wire layer="16" width="0.1519" y2="7.6922" x2="15.7803" y1="7.3414" x1="14.5201"/><wire layer="16" width="0.1519" y2="8.3555" x2="16.9039" y1="7.6922" x1="15.7803"/><wire layer="16" width="0.1519" y2="9.2847" x2="17.8152" y1="8.3555" x1="16.9039"/><wire layer="16" width="0.1519" y2="10.4152" x2="18.4533" y1="9.2847" x1="17.8152"/><wire layer="16" width="0.1519" y2="11.6691" x2="18.7762" y1="10.4152" x1="18.4533"/><wire layer="16" width="0.1519" y2="12.9605" x2="18.7635" y1="11.6691" x1="18.7762"/><wire layer="16" width="0.1519" y2="14.2014" x2="18.4179" y1="12.9605" x1="18.7635"/><wire layer="16" width="0.1519" y2="15.3077" x2="17.7646" y1="14.2014" x1="18.4179"/><wire layer="16" width="0.1519" y2="16.2048" x2="16.8495" y1="15.3077" x1="17.7646"/><wire layer="16" width="0.1519" y2="16.8329" x2="15.7363" y1="16.2048" x1="16.8495"/><wire layer="16" width="0.1519" y2="17.1506" x2="14.5018" y1="16.8329" x1="15.7363"/><wire layer="16" width="0.1519" y2="17.138" x2="13.2304" y1="17.1506" x1="14.5018"/><wire layer="16" width="0.1519" y2="16.7975" x2="12.0088" y1="17.138" x1="13.2304"/><wire layer="16" width="0.1519" y2="16.1542" x2="10.9198" y1="16.7975" x1="12.0088"/><wire layer="16" width="0.1519" y2="15.2533" x2="10.0368" y1="16.1542" x1="10.9198"/><wire layer="16" width="0.1519" y2="14.1574" x2="9.4187" y1="15.2533" x1="10.0368"/><wire layer="16" width="0.1519" y2="12.9422" x2="9.1062" y1="14.1574" x1="9.4187"/><wire layer="16" width="0.1519" y2="11.6907" x2="9.1188" y1="12.9422" x1="9.1062"/><wire layer="16" width="0.1519" y2="10.4885" x2="9.4541" y1="11.6907" x1="9.1188"/><wire layer="16" width="0.1519" y2="9.4168" x2="10.0874" y1="10.4885" x1="9.4541"/><wire layer="16" width="0.1519" y2="8.5479" x2="10.9742" y1="9.4168" x1="10.0874"/><wire layer="16" width="0.1519" y2="7.9399" x2="12.0527" y1="8.5479" x1="10.9742"/><wire layer="16" width="0.1519" y2="7.6325" x2="13.2487" y1="7.9399" x1="12.0527"/><wire layer="16" width="0.1519" y2="7.6452" x2="14.4801" y1="7.6325" x1="13.2487"/><wire layer="16" width="0.1519" y2="7.9752" x2="15.6631" y1="7.6452" x1="14.4801"/><wire layer="16" width="0.1519" y2="8.5986" x2="16.7174" y1="7.9752" x1="15.6631"/><wire layer="16" width="0.1519" y2="9.4712" x2="17.5721" y1="8.5986" x1="16.7174"/><wire layer="16" width="0.1519" y2="10.5324" x2="18.1702" y1="9.4712" x1="17.5721"/><wire layer="16" width="0.1519" y2="11.7091" x2="18.4724" y1="10.5324" x1="18.1702"/><wire layer="16" width="0.1519" y2="12.9205" x2="18.4597" y1="11.7091" x1="18.4724"/><wire layer="16" width="0.1519" y2="14.0841" x2="18.1348" y1="12.9205" x1="18.4597"/><wire layer="16" width="0.1519" y2="15.1212" x2="17.5215" y1="14.0841" x1="18.1348"/><wire layer="16" width="0.1519" y2="15.9617" x2="16.663" y1="15.1212" x1="17.5215"/><wire layer="16" width="0.1519" y2="16.5498" x2="15.6191" y1="15.9617" x1="16.663"/><wire layer="16" width="0.1519" y2="16.8468" x2="14.4618" y1="16.5498" x1="15.6191"/><wire layer="16" width="0.1519" y2="16.8342" x2="13.2703" y1="16.8468" x1="14.4618"/><wire layer="16" width="0.1519" y2="16.5144" x2="12.126" y1="16.8342" x1="13.2703"/><wire layer="16" width="0.1519" y2="15.9111" x2="11.1063" y1="16.5144" x1="12.126"/><wire layer="16" width="0.1519" y2="15.0668" x2="10.2799" y1="15.9111" x1="11.1063"/><wire layer="16" width="0.1519" y2="14.0402" x2="9.7018" y1="15.0668" x1="10.2799"/><wire layer="16" width="0.1519" y2="12.9022" x2="9.41" y1="14.0402" x1="9.7018"/><wire layer="16" width="0.1519" y2="11.7307" x2="9.4226" y1="12.9022" x1="9.41"/><wire layer="16" width="0.1519" y2="10.6057" x2="9.7372" y1="11.7307" x1="9.4226"/><wire layer="16" width="0.1519" y2="9.6033" x2="10.3305" y1="10.6057" x1="9.7372"/><wire layer="16" width="0.1519" y2="8.791" x2="11.1607" y1="9.6033" x1="10.3305"/><wire layer="16" width="0.1519" y2="8.2229" x2="12.17" y1="8.791" x1="11.1607"/><wire layer="16" width="0.1519" y2="7.9363" x2="13.2887" y1="8.2229" x1="12.17"/><wire layer="16" width="0.1519" y2="7.949" x2="14.4401" y1="7.9363" x1="13.2887"/><wire layer="16" width="0.1519" y2="8.2583" x2="15.5458" y1="7.949" x1="14.4401"/><wire layer="16" width="0.1519" y2="8.8417" x2="16.5309" y1="8.2583" x1="15.5458"/><wire layer="16" width="0.1519" y2="9.6577" x2="17.329" y1="8.8417" x1="16.5309"/><wire layer="16" width="0.1519" y2="10.6497" x2="17.8871" y1="9.6577" x1="17.329"/><wire layer="16" width="0.1519" y2="11.7491" x2="18.1686" y1="10.6497" x1="17.8871"/><wire layer="16" width="0.1519" y2="12.8805" x2="18.1559" y1="11.7491" x1="18.1686"/><wire layer="16" width="0.1519" y2="13.9669" x2="17.8517" y1="12.8805" x1="18.1559"/><wire layer="16" width="0.1519" y2="14.9346" x2="17.2784" y1="13.9669" x1="17.8517"/><wire layer="16" width="0.1519" y2="15.7187" x2="16.4765" y1="14.9346" x1="17.2784"/><wire layer="16" width="0.1519" y2="16.2667" x2="15.5018" y1="15.7187" x1="16.4765"/><wire layer="16" width="0.1519" y2="16.543" x2="14.4218" y1="16.2667" x1="15.5018"/><wire layer="16" width="0.1519" y2="16.5304" x2="13.3103" y1="16.543" x1="14.4218"/><wire layer="16" width="0.1519" y2="16.2314" x2="12.2433" y1="16.5304" x1="13.3103"/><wire layer="16" width="0.1519" y2="15.668" x2="11.2928" y1="16.2314" x1="12.2433"/><wire layer="16" width="0.1519" y2="14.8802" x2="10.523" y1="15.668" x1="11.2928"/><wire layer="16" width="0.1519" y2="13.9229" x2="9.9849" y1="14.8802" x1="10.523"/><wire layer="16" width="0.1519" y2="12.8622" x2="9.7137" y1="13.9229" x1="9.9849"/><wire layer="16" width="0.1519" y2="11.7707" x2="9.7264" y1="12.8622" x1="9.7137"/><wire layer="16" width="0.1519" y2="10.723" x2="10.0202" y1="11.7707" x1="9.7264"/><wire layer="16" width="0.1519" y2="9.7899" x2="10.5736" y1="10.723" x1="10.0202"/><wire layer="16" width="0.1519" y2="9.0341" x2="11.3472" y1="9.7899" x1="10.5736"/><wire layer="16" width="0.1519" y2="8.506" x2="12.2872" y1="9.0341" x1="11.3472"/><wire layer="16" width="0.1519" y2="8.2401" x2="13.3287" y1="8.506" x1="12.2872"/><wire layer="16" width="0.1519" y2="8.2527" x2="14.4001" y1="8.2401" x1="13.3287"/><wire layer="16" width="0.1519" y2="8.5414" x2="15.4286" y1="8.2527" x1="14.4001"/><wire layer="16" width="0.1519" y2="9.0848" x2="16.3443" y1="8.5414" x1="15.4286"/><wire layer="16" width="0.1519" y2="9.8443" x2="17.086" y1="9.0848" x1="16.3443"/><wire layer="16" width="0.1519" y2="10.7669" x2="17.604" y1="9.8443" x1="17.086"/><wire layer="16" width="0.1519" y2="11.7891" x2="17.8648" y1="10.7669" x1="17.604"/><wire layer="16" width="0.1519" y2="12.8405" x2="17.8522" y1="11.7891" x1="17.8648"/><wire layer="16" width="0.1519" y2="13.8496" x2="17.5687" y1="12.8405" x1="17.8522"/><wire layer="16" width="0.1519" y2="14.7481" x2="17.0353" y1="13.8496" x1="17.5687"/><wire layer="16" width="0.1519" y2="15.4756" x2="16.2899" y1="14.7481" x1="17.0353"/><wire layer="16" width="0.1519" y2="15.9837" x2="15.3846" y1="15.4756" x1="16.2899"/><wire layer="16" width="0.1519" y2="16.2393" x2="14.3818" y1="15.9837" x1="15.3846"/><wire layer="16" width="0.1519" y2="16.2266" x2="13.3503" y1="16.2393" x1="14.3818"/><wire layer="16" width="0.1519" y2="15.9483" x2="12.3605" y1="16.2266" x1="13.3503"/><wire layer="16" width="0.1519" y2="15.4249" x2="11.4794" y1="15.9483" x1="12.3605"/><wire layer="16" width="0.1519" y2="14.6937" x2="10.766" y1="15.4249" x1="11.4794"/><wire layer="16" width="0.1519" y2="13.8057" x2="10.2679" y1="14.6937" x1="10.766"/><wire layer="16" width="0.1519" y2="12.8222" x2="10.0175" y1="13.8057" x1="10.2679"/><wire layer="16" width="0.1519" y2="11.8107" x2="10.0302" y1="12.8222" x1="10.0175"/><wire layer="16" width="0.1519" y2="10.8402" x2="10.3033" y1="11.8107" x1="10.0302"/><wire layer="16" width="0.1519" y2="9.9764" x2="10.8167" y1="10.8402" x1="10.3033"/><wire layer="16" width="0.1519" y2="9.2772" x2="11.5338" y1="9.9764" x1="10.8167"/><wire layer="16" width="0.1519" y2="8.7891" x2="12.4045" y1="9.2772" x1="11.5338"/><wire layer="16" width="0.1519" y2="8.5439" x2="13.3687" y1="8.7891" x1="12.4045"/><wire layer="16" width="0.1519" y2="8.5565" x2="14.3601" y1="8.5439" x1="13.3687"/><wire layer="16" width="0.1519" y2="8.8245" x2="15.3113" y1="8.5565" x1="14.3601"/><wire layer="16" width="0.1519" y2="9.3278" x2="16.1578" y1="8.8245" x1="15.3113"/><wire layer="16" width="0.1519" y2="10.0308" x2="16.8429" y1="9.3278" x1="16.1578"/><wire layer="16" width="0.1519" y2="10.8842" x2="17.321" y1="10.0308" x1="16.8429"/><wire layer="16" width="0.1519" y2="11.8291" x2="17.561" y1="10.8842" x1="17.321"/><wire layer="16" width="0.1519" y2="12.8005" x2="17.5484" y1="11.8291" x1="17.561"/><wire layer="16" width="0.1519" y2="13.7324" x2="17.2856" y1="12.8005" x1="17.5484"/><wire layer="16" width="0.1519" y2="14.5616" x2="16.7922" y1="13.7324" x1="17.2856"/><wire layer="16" width="0.1519" y2="15.2325" x2="16.1034" y1="14.5616" x1="16.7922"/><wire layer="16" width="0.1519" y2="15.7006" x2="15.2673" y1="15.2325" x1="16.1034"/><wire layer="16" width="0.1519" y2="15.9355" x2="14.3418" y1="15.7006" x1="15.2673"/><wire layer="16" width="0.1519" y2="15.9228" x2="13.3903" y1="15.9355" x1="14.3418"/><wire layer="16" width="0.1519" y2="15.6652" x2="12.4778" y1="15.9228" x1="13.3903"/><wire layer="16" width="0.1519" y2="15.1818" x2="11.6659" y1="15.6652" x1="12.4778"/><wire layer="16" width="0.1519" y2="14.5072" x2="11.0091" y1="15.1818" x1="11.6659"/><wire layer="16" width="0.1519" y2="13.6884" x2="10.551" y1="14.5072" x1="11.0091"/><wire layer="16" width="0.1519" y2="12.7822" x2="10.3213" y1="13.6884" x1="10.551"/><wire layer="16" width="0.1519" y2="11.8507" x2="10.334" y1="12.7822" x1="10.3213"/><wire layer="16" width="0.1519" y2="10.9575" x2="10.5864" y1="11.8507" x1="10.334"/><wire layer="16" width="0.1519" y2="10.1629" x2="11.0598" y1="10.9575" x1="10.5864"/><wire layer="16" width="0.1519" y2="9.5203" x2="11.7203" y1="10.1629" x1="11.0598"/><wire layer="16" width="0.1519" y2="9.0722" x2="12.5218" y1="9.5203" x1="11.7203"/><wire layer="16" width="0.1519" y2="8.8476" x2="13.4087" y1="9.0722" x1="12.5218"/><wire layer="16" width="0.1519" y2="8.8603" x2="14.3201" y1="8.8476" x1="13.4087"/><wire layer="16" width="0.1519" y2="9.1076" x2="15.194" y1="8.8603" x1="14.3201"/><wire layer="16" width="0.1519" y2="9.5709" x2="15.9713" y1="9.1076" x1="15.194"/><wire layer="16" width="0.1519" y2="10.2173" x2="16.5998" y1="9.5709" x1="15.9713"/><wire layer="16" width="0.1519" y2="11.0015" x2="17.0379" y1="10.2173" x1="16.5998"/><wire layer="16" width="0.1519" y2="11.869" x2="17.2572" y1="11.0015" x1="17.0379"/><wire layer="16" width="0.1519" y2="12.7605" x2="17.2446" y1="11.869" x1="17.2572"/><wire layer="16" width="0.1519" y2="13.6151" x2="17.0025" y1="12.7605" x1="17.2446"/><wire layer="16" width="0.1519" y2="14.375" x2="16.5491" y1="13.6151" x1="17.0025"/><wire layer="16" width="0.1519" y2="14.9894" x2="15.9169" y1="14.375" x1="16.5491"/><wire layer="16" width="0.1519" y2="15.4175" x2="15.1501" y1="14.9894" x1="15.9169"/><wire layer="16" width="0.1519" y2="15.6317" x2="14.3018" y1="15.4175" x1="15.1501"/><wire layer="16" width="0.1519" y2="15.619" x2="13.4303" y1="15.6317" x1="14.3018"/><wire layer="16" width="0.1519" y2="15.3821" x2="12.595" y1="15.619" x1="13.4303"/><wire layer="16" width="0.1519" y2="14.9387" x2="11.8524" y1="15.3821" x1="12.595"/><wire layer="16" width="0.1519" y2="14.3206" x2="11.2522" y1="14.9387" x1="11.8524"/><wire layer="16" width="0.1519" y2="13.5711" x2="10.8341" y1="14.3206" x1="11.2522"/><wire layer="16" width="0.1519" y2="12.7422" x2="10.6251" y1="13.5711" x1="10.8341"/><wire layer="16" width="0.1519" y2="11.8907" x2="10.6378" y1="12.7422" x1="10.6251"/><wire layer="16" width="0.1519" y2="11.0747" x2="10.8695" y1="11.8907" x1="10.6378"/><wire layer="16" width="0.1519" y2="10.3494" x2="11.3029" y1="11.0747" x1="10.8695"/><wire layer="16" width="0.1519" y2="9.7634" x2="11.9068" y1="10.3494" x1="11.3029"/><wire layer="16" width="0.1519" y2="9.3553" x2="12.639" y1="9.7634" x1="11.9068"/><wire layer="16" width="0.1519" y2="9.1514" x2="13.4487" y1="9.3553" x1="12.639"/><wire layer="16" width="0.1519" y2="9.1641" x2="14.2801" y1="9.1514" x1="13.4487"/><wire layer="16" width="0.1519" y2="9.3907" x2="15.0768" y1="9.1641" x1="14.2801"/><wire layer="16" width="0.1519" y2="9.814" x2="15.7848" y1="9.3907" x1="15.0768"/><wire layer="16" width="0.1519" y2="10.4038" x2="16.3567" y1="9.814" x1="15.7848"/><wire layer="16" width="0.1519" y2="11.1187" x2="16.7548" y1="10.4038" x1="16.3567"/><wire layer="16" width="0.1519" y2="11.909" x2="16.9535" y1="11.1187" x1="16.7548"/><wire layer="16" width="0.1519" y2="12.7205" x2="16.9408" y1="11.909" x1="16.9535"/><wire layer="16" width="0.1519" y2="13.4979" x2="16.7194" y1="12.7205" x1="16.9408"/><wire layer="16" width="0.1519" y2="14.1885" x2="16.306" y1="13.4979" x1="16.7194"/><wire layer="16" width="0.1519" y2="14.7463" x2="15.7304" y1="14.1885" x1="16.306"/><wire layer="16" width="0.1519" y2="15.1344" x2="15.0328" y1="14.7463" x1="15.7304"/><wire layer="16" width="0.1519" y2="15.3279" x2="14.2618" y1="15.1344" x1="15.0328"/><wire layer="16" width="0.1519" y2="15.3152" x2="13.4703" y1="15.3279" x1="14.2618"/><wire layer="16" width="0.1519" y2="15.099" x2="12.7123" y1="15.3152" x1="13.4703"/><wire layer="16" width="0.1519" y2="14.6957" x2="12.0389" y1="15.099" x1="12.7123"/><wire layer="16" width="0.1519" y2="14.1341" x2="11.4953" y1="14.6957" x1="12.0389"/><wire layer="16" width="0.1519" y2="13.4539" x2="11.1172" y1="14.1341" x1="11.4953"/><wire layer="16" width="0.1519" y2="12.7022" x2="10.9289" y1="13.4539" x1="11.1172"/><wire layer="16" width="0.1519" y2="12.3156" x2="10.9415" y1="12.7022" x1="10.9289"/><wire layer="16" width="0.1519" y2="12.3156" x2="11.3909" y1="12.3156" x1="10.9415"/><wire layer="16" width="0.3038" y2="12.3156" x2="11.8402" y1="12.3156" x1="11.3909"/><wire layer="16" width="0.1519" y2="12.7713" x2="4.8532" y1="12.3156" x1="4.8532"/><wire layer="16" width="0.1519" y2="13.227" x2="4.3064" y1="12.7713" x1="4.8532"/><wire layer="16" width="0.3038" y2="13.227" x2="3.7596" y1="13.227" x1="4.3064"/><via shape="round" drill="0.3048" diameter="0.9144" extent="1-16" y="13.2334" x="3.7592"/><via shape="round" drill="0.3048" diameter="0.9144" extent="1-16" y="12.319" x="11.8364"/><contactref pad="1" element="CSensor"/><contactref pad="2" element="CSensor"/></signal></signals></board></drawing></eagle>
